prefix,course,section,max_enroll,seats_avail,waitlist
ACC,2301,01,50,0,6
ACC,2301,02,50,0,2
ACC,2301,03,50,0,1
ACC,2301,W1,40,1,5
ACC,2303,01,200,46,0
ACC,2303,02,225,41,0
ACC,2303,H1,24,18,0
ACC,2304,01,40,0,13
ACC,2304,02,65,0,18
ACC,2304,04,50,36,0
ACC,2304,05,55,3,0
ACC,2304,06,55,2,0
ACC,2304,07,55,1,0
ACC,2304,08,65,0,10
ACC,2304,09,55,0,11
ACC,2304,12,55,0,5
ACC,3301,01,28,19,0
ACC,3301,02,28,0,0
ACC,3302,01,30,0,0
ACC,3302,02,30,0,3
ACC,3302,03,30,0,1
ACC,3302,04,30,22,0
ACC,3302,05,30,0,1
ACC,3302,06,30,0,4
ACC,3303,01,28,20,0
ACC,3303,02,28,2,0
ACC,3304,01,30,0,1
ACC,3304,02,30,0,3
ACC,3304,03,30,18,0
ACC,3304,04,30,0,0
ACC,3304,06,30,0,6
ACC,3304,07,30,5,0
ACC,3305,01,70,8,0
ACC,3305,02,60,14,0
ACC,3305,03,32,0,26
ACC,4308,01,26,0,0
ACC,4308,02,24,1,0
ACC,4330,01,25,1,0
ACC,4330,02,25,0,0
ACC,4340,01,40,32,0
ACC,4396,81,80,72,0
ACC,4396,82,80,79,0
AS,1102,01,19,14,0
AS,1102,02,19,5,0
AS,1102,04,19,7,0
AS,1112,01,100,70,0
AS,2104,01,19,14,0
AS,2104,02,19,6,0
AS,2112,01,100,83,0
AS,3112,01,100,87,0
AS,3302,01,19,5,0
AS,4112,01,100,88,0
AS,4302,01,19,7,0
AMS,4385,01,0,0,0
ANT,1305,W1,19,8,0
ANT,1306,01,60,6,0
ANT,1306,02,60,23,0
ANT,1307,W1,19,8,0
ANT,1325,01,75,1,0
ANT,1325,02,75,36,0
ANT,1404,01,75,48,0
ANT,1404,A,10,0,N/A
ANT,1404,B,10,5,N/A
ANT,1404,C,10,7,N/A
ANT,1404,D,10,10,N/A
ANT,1404,E,10,4,N/A
ANT,1404,F,10,7,N/A
ANT,1407,01,75,41,0
ANT,1407,A,10,2,N/A
ANT,1407,B,10,4,N/A
ANT,1407,C,10,4,N/A
ANT,1407,D,10,6,N/A
ANT,1407,E,10,5,N/A
ANT,1407,F,10,5,N/A
ANT,2V9R,01,3,2,0
ANT,3310,01,5,0,0
ANT,3320,02,17,4,0
ANT,3331,01,11,1,0
ANT,3331,02,11,0,0
ANT,3340,01,18,0,3
ANT,4199,01,2,2,0
ANT,4299,01,1,1,0
ANT,4311,01,12,0,5
ANT,4314,01,16,0,6
ANT,4325,01,18,1,0
ANT,4340,01,13,0,6
ANT,4355,01,15,0,4
ANT,4358,01,7,0,0
ANT,4373,01,18,1,0
ANT,4416,01,12,1,0
ANT,4416,A,7,0,N/A
ANT,4416,B,5,1,N/A
ANT,4V70,01,3,3,0
ANT,4V70,02,3,3,0
ANT,4V70,03,3,3,0
ANT,4V70,04,3,3,0
ANT,4V70,05,3,3,0
ANT,4V70,06,3,3,0
ANT,4V70,07,3,3,0
ANT,4V70,08,3,3,0
ADM,1241,01,15,0,1
ADM,1300,01,24,2,5
ADM,1321,01,15,4,0
ADM,1391,01,19,7,0
ADM,2310,01,36,12,0
ADM,2310,A,18,5,N/A
ADM,2310,B,18,7,N/A
ADM,2311,01,10,0,2
ADM,2311,02,10,0,0
ADM,3301,01,15,4,0
ADM,3340,01,16,1,0
ADM,3361,01,12,0,0
ADM,3363,01,15,3,0
ADM,3364,01,24,4,9
ADM,3391,01,15,0,0
ADM,3393,01,15,0,5
ADM,3V90,01,1,1,0
ADM,3V9R,01,1,1,0
ADM,4312,01,15,0,16
ADM,4371,01,15,4,0
ADM,4391,01,14,1,0
ADM,4392,01,0,3,0
ADM,4393,01,15,5,0
ADM,4394,01,0,0,1
ADM,4396,01,15,1,0
ARB,1302,01,10,1,0
ARB,1302,02,10,5,0
ARB,1302,A,10,5,N/A
ARB,1302,B,10,1,N/A
ARB,2320,02,10,7,0
ARB,3V70,01,0,0,0
ARB,3V70,02,0,0,0
ARB,3V9R,01,19,19,0
ARB,4345,01,10,7,0
ARB,4V9R,01,19,19,0
ARA,4303,01,3,0,0
ARC,4302,01,3,0,0
ART,1310,01,11,0,0
ART,1310,02,11,0,0
ART,1310,03,12,0,0
ART,1310,04,12,0,0
ART,1310,05,11,0,0
ART,1311,01,18,1,0
ART,1314,01,11,1,0
ART,1314,02,11,1,1
ART,1314,03,11,1,0
ART,1314,04,10,1,3
ART,1316,01,15,0,0
ART,2334,01,2,0,9
ART,2336,01,2,0,0
ART,2336,02,5,0,0
ART,2340,01,5,2,1
ART,2341,01,2,0,16
ART,3314,01,11,0,0
ART,3315,01,10,0,0
ART,3321,01,8,0,2
ART,3321,02,13,0,0
ART,3325,01,13,0,0
ART,3333,01,11,1,0
ART,3334,01,10,0,1
ART,3336,01,9,5,0
ART,3336,02,5,3,0
ART,3340,01,8,1,0
ART,3341,01,7,0,0
ART,3345,01,12,0,0
ART,4313,01,2,0,0
ART,4321,01,4,0,0
ART,4321,02,3,0,0
ART,4322,01,1,0,0
ART,4323,01,3,0,0
ART,4329,01,10,4,0
ART,4331,01,10,4,0
ART,4333,01,10,6,0
ART,4336,01,10,2,0
ART,4337,02,1,0,0
ART,4340,01,1,0,0
ART,4341,01,1,0,0
ARTH,1300,01,70,0,2
ARTH,1300,02,70,0,0
ARTH,1300,03,70,32,0
ARTH,1300,04,70,2,0
ARTH,1300,05,70,0,1
ARTH,1300,06,70,0,0
ARTH,1300,07,70,0,0
ARTH,2302,01,34,0,0
ARTH,2303,02,30,3,0
ARTH,3357,01,24,0,0
ARTH,4357,01,20,5,0
ARTH,4361,01,20,5,0
AST,2380,01,19,0,12
AST,3307,01,5,1,0
AST,3345,01,4,3,0
AST,3V80,01,0,0,0
AST,4340,01,4,4,0
AST,4V80,01,0,0,1
AVS,1303,01,45,16,0
AVS,1332,01,16,1,0
AVS,1332,02,16,5,0
AVS,2304,01,45,33,0
AVS,2333,01,35,23,0
AVS,2334,01,35,22,0
AVS,2362,01,35,35,0
AVS,2363,01,35,34,0
AVS,3235,01,35,33,0
AVS,3236,01,35,19,0
AVS,3304,01,45,31,0
AVS,3305,01,45,29,0
AVS,3312,01,40,3,0
AVS,3315,01,45,4,0
AVS,3350,01,35,6,0
AVS,3364,01,35,35,0
AVS,4237,01,35,23,0
AVS,4238,01,35,35,0
AVS,4265,01,35,35,0
AVS,4266,01,35,35,0
AVS,4314,01,45,15,0
AVS,4315,01,45,22,0
AVS,4323,01,3,0,0
AVS,4375,01,35,0,2
AVS,4377,01,35,19,0
AVS,4390,01,6,6,0
AVS,4390,02,6,6,0
AVS,4390,03,19,19,0
AVS,4485,01,2,0,0
AVS,4485,A,2,0,N/A
AVS,4485,B,2,2,N/A
BBF,1101,01,25,25,0
BBF,4007,01,82,37,0
BBF,4V98,01,19,19,0
BIC,1323,01,15,1,N/A
BIC,1323,02,15,0,N/A
BIC,1323,03,15,0,N/A
BIC,1323,04,15,0,N/A
BIC,1323,05,15,0,N/A
BIC,1323,06,15,2,N/A
BIC,1323,07,15,0,N/A
BIC,1323,09,15,0,N/A
BIC,1323,10,15,0,N/A
BIC,1323,8,15,8,N/A
BIC,1324,01,16,0,N/A
BIC,1324,02,16,0,N/A
BIC,1324,03,16,0,N/A
BIC,1324,04,16,1,N/A
BIC,1324,05,16,11,N/A
BIC,1324,06,16,0,N/A
BIC,1324,07,16,9,N/A
BIC,1324,08,16,0,N/A
BIC,1324,09,16,0,N/A
BIC,1324,10,16,0,N/A
BIC,2340,01,14,0,N/A
BIC,2340,02,14,0,N/A
BIC,2340,03,14,3,N/A
BIC,2340,04,14,0,N/A
BIC,2340,05,16,0,N/A
BIC,2340,06,14,0,N/A
BIC,2340,07,14,0,N/A
BIC,2340,08,14,0,N/A
BIC,2340,09,14,12,N/A
BIC,2344,01,18,0,N/A
BIC,2344,02,18,0,N/A
BIC,2344,03,18,0,N/A
BIC,2344,04,18,0,N/A
BIC,2344,05,18,4,N/A
BIC,2344,06,18,0,N/A
BIC,2344,07,18,0,N/A
BIC,2344,08,18,14,N/A
BIC,2447,01,15,0,N/A
BIC,2447,02,15,6,N/A
BIC,2447,03,15,15,N/A
BIC,2447,A,10,7,N/A
BIC,2447,B,10,2,N/A
BIC,2447,C,10,1,N/A
BIC,2447,D,10,6,N/A
BIC,3358,01,12,0,N/A
BIC,3358,02,12,2,N/A
BIC,3358,03,15,1,N/A
BIC,3358,04,15,0,N/A
BIC,4374,01,12,1,N/A
BIC,4389,01,12,1,N/A
BIC,4389,03,12,0,N/A
BIC,4389,04,12,2,N/A
BINF,3360,01,18,12,0
BINF,43C9,01,6,5,0
BIO,1105,01,24,0,2
BIO,1105,02,24,0,7
BIO,1105,03,24,0,5
BIO,1105,04,24,0,1
BIO,1105,05,24,0,0
BIO,1105,06,0,0,1
BIO,1105,07,0,0,3
BIO,1106,01,24,2,0
BIO,1106,02,24,4,1
BIO,1106,03,24,0,7
BIO,1106,04,24,0,4
BIO,1106,05,24,0,5
BIO,1106,06,24,0,5
BIO,1106,07,24,0,6
BIO,1106,08,24,0,5
BIO,1106,09,24,0,2
BIO,1106,10,24,0,3
BIO,1106,11,24,0,7
BIO,1106,12,24,0,7
BIO,1106,13,24,0,6
BIO,1106,14,24,0,7
BIO,1106,15,24,0,6
BIO,1106,16,24,0,4
BIO,1106,17,24,12,0
BIO,1106,18,24,18,0
BIO,1106,19,24,0,15
BIO,1106,20,24,0,5
BIO,1106,21,24,0,6
BIO,1106,22,24,0,5
BIO,1106,23,24,0,6
BIO,1106,24,24,0,5
BIO,1106,25,24,0,1
BIO,1106,26,24,0,1
BIO,1106,27,24,0,4
BIO,1106,28,0,0,2
BIO,1106,29,0,0,3
BIO,1305,01,35,5,2
BIO,1305,02,35,22,0
BIO,1305,03,35,4,4
BIO,1305,04,35,0,1
BIO,1305,05,35,2,1
BIO,1306,01,48,0,15
BIO,1306,02,48,0,5
BIO,1306,03,50,0,7
BIO,1306,04,48,0,0
BIO,1306,05,40,0,3
BIO,1306,06,55,0,10
BIO,1306,07,40,0,3
BIO,1306,08,50,0,6
BIO,1306,09,50,1,2
BIO,1306,10,50,0,16
BIO,1306,11,50,0,11
BIO,1306,12,48,0,8
BIO,1306,13,50,0,8
BIO,1306,14,48,0,9
BIO,1306,15,50,0,6
BIO,1401,01,48,14,0
BIO,1401,A,24,14,N/A
BIO,1401,B,24,0,N/A
BIO,1406,01,48,4,0
BIO,1406,02,24,8,0
BIO,1406,A,24,3,N/A
BIO,1406,B,24,1,N/A
BIO,1406,C,24,8,N/A
BIO,2102,01,120,14,0
BIO,2102,A,24,3,N/A
BIO,2102,B,24,2,N/A
BIO,2102,C,24,2,N/A
BIO,2102,D,24,3,N/A
BIO,2102,E,24,4,N/A
BIO,2106,01,84,28,0
BIO,2106,02,18,5,0
BIO,2106,A,21,12,N/A
BIO,2106,B,21,7,N/A
BIO,2106,C,21,5,N/A
BIO,2106,D,0,0,N/A
BIO,2106,E,21,4,N/A
BIO,2106,G,18,5,N/A
BIO,2302,01,60,7,0
BIO,2302,02,60,6,0
BIO,2306,01,40,0,15
BIO,2306,02,40,0,9
BIO,2306,03,40,0,12
BIO,2306,04,40,0,2
BIO,2306,05,40,6,0
BIO,2401,01,24,4,0
BIO,2401,A,24,4,N/A
BIO,2402,01,24,6,0
BIO,2402,A,24,6,N/A
BIO,3100,01,15,0,25
BIO,3100,02,20,0,21
BIO,3103,01,13,0,3
BIO,3110,01,30,14,0
BIO,3110,02,20,18,0
BIO,3111,01,24,24,0
BIO,3111,02,24,24,0
BIO,3111,03,5,5,0
BIO,3111,04,5,5,0
BIO,3111,05,5,5,0
BIO,3111,06,4,4,0
BIO,3111,07,15,11,0
BIO,3111,08,20,20,0
BIO,3111,09,5,5,0
BIO,3111,10,15,5,0
BIO,3111,11,11,11,0
BIO,3111,12,8,4,0
BIO,3111,13,5,5,0
BIO,3111,14,5,0,0
BIO,3111,15,12,12,0
BIO,3111,16,12,12,0
BIO,3111,17,10,10,0
BIO,3111,18,5,5,0
BIO,3111,19,15,6,0
BIO,3111,20,5,2,0
BIO,3122,01,0,0,1
BIO,3122,02,21,0,0
BIO,3122,03,21,1,1
BIO,3122,04,0,0,2
BIO,3122,05,21,0,1
BIO,3122,06,21,0,5
BIO,3122,07,21,0,2
BIO,3122,08,21,0,1
BIO,3122,09,21,0,1
BIO,3122,10,21,8,0
BIO,3300,01,30,10,0
BIO,3300,02,30,0,9
BIO,3300,03,30,2,0
BIO,3303,01,40,9,0
BIO,3303,02,40,6,6
BIO,3315,01,33,0,6
BIO,3315,02,20,17,0
BIO,3322,01,48,0,2
BIO,3322,02,48,5,0
BIO,3322,03,46,1,3
BIO,3322,04,48,0,0
BIO,3322,05,48,1,0
BIO,3322,06,48,2,0
BIO,3322,07,48,0,5
BIO,3330,01,24,0,49
BIO,3342,01,40,5,0
BIO,3342,02,30,0,14
BIO,3342,03,40,0,8
BIO,3342,04,40,20,0
BIO,3342,05,15,0,0
BIO,3366,01,45,2,0
BIO,3429,01,24,4,0
BIO,3429,A,24,4,N/A
BIO,3V9R,01,5,5,0
BIO,3V9R,02,5,5,0
BIO,3V9R,03,5,3,0
BIO,3V9R,04,5,4,0
BIO,3V9R,05,6,6,0
BIO,3V9R,06,5,5,0
BIO,3V9R,07,5,4,0
BIO,3V9R,08,5,5,0
BIO,3V9R,09,5,3,0
BIO,3V9R,10,0,0,0
BIO,3V9R,11,5,5,0
BIO,3V9R,12,19,18,0
BIO,3V9R,13,10,10,0
BIO,3V9R,14,5,5,0
BIO,3V9R,15,5,5,0
BIO,3V9R,16,3,3,0
BIO,3V9R,17,12,12,0
BIO,3V9R,18,5,5,0
BIO,3V9R,19,5,5,0
BIO,3V9R,20,5,5,0
BIO,3V9R,21,5,5,0
BIO,3V9R,22,5,3,0
BIO,3V9R,23,5,3,0
BIO,3V9R,24,5,2,0
BIO,3V9R,25,5,4,0
BIO,4001,01,250,51,0
BIO,4102,01,132,12,N/A
BIO,4102,A,22,2,N/A
BIO,4102,B,22,4,N/A
BIO,4102,C,22,6,N/A
BIO,4102,D,22,0,N/A
BIO,4102,E,22,0,N/A
BIO,4102,F,22,0,N/A
BIO,4106,01,19,0,N/A
BIO,4106,02,19,0,N/A
BIO,4106,03,19,0,N/A
BIO,4106,04,19,0,N/A
BIO,4106,05,19,0,N/A
BIO,4106,06,19,0,N/A
BIO,4108,01,24,4,0
BIO,4199,01,150,42,0
BIO,4301,01,40,0,12
BIO,4301,02,60,0,20
BIO,4302,01,40,0,26
BIO,4302,02,40,0,54
BIO,4302,03,40,0,50
BIO,4305,01,51,0,0
BIO,4306,01,114,0,21
BIO,4308,01,48,0,19
BIO,4312,01,30,0,1
BIO,4312,02,30,0,8
BIO,4320,01,24,0,13
BIO,4320,H1,4,2,0
BIO,4333,01,30,1,0
BIO,4344,01,15,0,9
BIO,4406,01,10,1,2
BIO,4406,A,10,1,N/A
BIO,4415,01,8,3,0
BIO,4415,A,4,1,N/A
BIO,4415,B,4,2,N/A
BIO,4432,01,84,0,10
BIO,4432,02,84,0,13
BIO,4432,A,24,0,N/A
BIO,4432,B,24,0,N/A
BIO,4432,C,24,0,N/A
BIO,4432,D,24,0,N/A
BIO,4432,E,24,0,N/A
BIO,4432,F,24,0,N/A
BIO,4432,G,24,0,N/A
BIO,4V9R,01,5,5,0
BIO,4V9R,02,5,5,0
BIO,4V9R,03,5,5,0
BIO,4V9R,04,5,5,0
BIO,4V9R,05,5,5,0
BIO,4V9R,06,5,5,0
BIO,4V9R,08,5,5,0
BIO,4V9R,10,5,5,0
BME,4360,01,19,12,0
BME,4372,01,12,1,0
BME,4374,01,24,4,0
BUS,1101,N1,100,93,0
BUS,1101,N2,100,90,0
BUS,1102,01,150,150,0
BUS,1201,01,108,50,0
BUS,1201,02,108,0,0
BUS,1305,01,35,1,0
BUS,1305,02,35,0,0
BUS,1350,01,40,3,0
BUS,1350,02,40,6,0
BUS,1350,03,40,4,0
BUS,1350,04,40,5,0
BUS,1350,05,40,2,4
BUS,1350,06,40,4,0
BUS,1350,07,40,1,14
BUS,1350,08,40,2,2
BUS,1350,09,40,0,3
BUS,1350,10,40,4,0
BUS,1350,11,40,12,0
BUS,1350,12,0,0,1
BUS,1350,13,35,0,0
BUS,1350,14,40,5,0
BUS,1350,W1,10,1,0
BUS,2101,01,150,3,0
BUS,2101,02,150,0,0
BUS,2101,03,150,75,0
BUS,2222,01,20,9,0
BUS,3101,01,180,9,0
BUS,3101,02,180,9,0
BUS,3303,01,24,0,4
BUS,3315,02,22,0,5
BUS,3315,03,22,0,2
BUS,3315,04,22,0,13
BUS,3315,06,0,1,N/A
BUS,3315,07,22,22,N/A
BUS,3315,08,22,0,3
BUS,3315,09,22,0,4
BUS,3315,10,22,0,18
BUS,3315,11,22,0,14
BUS,3315,12,22,0,5
BUS,3315,13,22,0,3
BUS,3315,14,0,1,N/A
BUS,3315,22,22,0,0
BUS,3315,23,22,0,3
BUS,3315,26,22,0,1
BUS,3345,01,24,9,0
BUS,3350,01,14,3,15
BUS,3350,02,14,4,9
BUS,4385,01,0,28,0
BUS,4385,02,40,1,0
BUS,4385,03,40,0,1
BUS,4385,04,32,0,0
BUS,4385,05,40,6,0
BUS,4385,06,40,0,0
BUS,4385,07,40,0,3
BUS,4385,08,40,0,7
BUS,4385,09,40,0,8
BUS,4385,10,40,0,4
BUS,4385,11,40,0,1
BUS,4385,12,40,0,0
BUS,4385,13,40,9,0
BUS,4385,14,40,0,0
BUS,4385,15,63,10,0
BUS,4V95,01,10,10,0
BUS,4V98,01,24,24,0
BUS,4V98,02,9,1,0
BL,3305,01,35,0,19
BL,3305,02,40,11,0
BL,3305,03,40,0,9
BL,3305,04,82,0,16
BL,3305,05,57,2,0
BL,3305,06,70,0,1
BL,3305,07,57,0,1
BL,3305,08,57,0,0
BL,3305,09,20,20,0
BL,3305,W1,42,0,0
BL,4303,01,15,3,0
BL,4345,01,15,11,0
CHA,1086,100,300,0,N/A
CHA,1086,101,300,0,N/A
CHA,1086,102,300,0,N/A
CHA,1087,120,60,0,N/A
CHA,1087,122,30,0,N/A
CHA,1087,123,15,2,N/A
CHA,1087,130,30,28,0
CHA,1087,131,30,25,0
CHA,1087,132,30,22,N/A
CHA,1087,134,30,23,N/A
CHA,1087,135,30,12,0
CHA,1087,141,18,1,N/A
CHA,1087,142,15,0,N/A
CHA,1087,143,25,0,3
CHA,1087,144,15,12,0
CHA,1088,01,12,0,N/A
CHA,1088,02,12,3,N/A
CHA,1088,03,15,0,N/A
CHA,1088,05,12,4,N/A
CHA,1088,06,12,0,0
CHA,1088,08,30,30,N/A
CHA,1088,09,30,2,N/A
CHA,1088,10,10,3,N/A
CHA,1088,11,15,0,N/A
CHA,1089,01,250,0,N/A
CHA,1089,02,75,21,N/A
CHA,1089,04,78,0,N/A
CHA,1089,05,60,49,N/A
CHA,1089,06,50,0,N/A
CHA,1089,08,40,0,N/A
CHA,1089,09,40,0,N/A
CHA,1089,10,20,0,N/A
CHA,1089,11,61,0,N/A
CHA,1089,12,10,5,N/A
CHA,1089,13,10,4,N/A
CHA,1089,14,28,0,N/A
CHA,1089,15,16,0,N/A
CHA,1089,16,40,31,N/A
CHA,1089,17,18,0,2
CHA,1089,18,30,0,4
CHA,1090,11,50,0,2
CHA,1090,12,25,9,0
CHA,1090,13,15,2,0
CHA,1090,14,30,16,0
CHA,1090,15,30,3,0
CHA,1090,16,22,12,0
CHA,1090,17,10,10,0
CHA,1090,18,18,7,0
CHA,1090,19,25,24,0
CHA,1090,21,1000,830,0
CHA,1090,22,15,0,0
CHA,1091,01,50,0,N/A
CHA,1091,05,40,29,N/A
CHA,1091,06,40,26,N/A
CHA,1091,10,50,0,0
CHA,1092,01,5,5,N/A
CHA,1092,02,5,5,N/A
CHA,1092,03,50,44,N/A
CHA,1093,01,50,32,N/A
CHA,1093,03,50,44,N/A
CHA,1093,05,50,24,N/A
CHA,1093,06,50,0,N/A
CHE,1100,01,68,46,0
CHE,1100,A,20,7,N/A
CHE,1100,B,20,16,N/A
CHE,1100,C,20,15,N/A
CHE,1101,01,19,3,0
CHE,1101,02,19,8,0
CHE,1101,03,19,0,0
CHE,1101,04,19,0,0
CHE,1101,05,19,4,0
CHE,1101,06,19,9,0
CHE,1101,07,19,2,0
CHE,1101,08,19,9,0
CHE,1101,09,19,10,0
CHE,1101,10,19,15,0
CHE,1101,11,19,5,0
CHE,1101,12,19,15,0
CHE,1102,01,24,0,3
CHE,1102,02,24,0,1
CHE,1102,04,24,0,6
CHE,1102,05,24,0,7
CHE,1102,06,24,0,6
CHE,1102,07,24,0,4
CHE,1102,08,24,0,6
CHE,1102,09,24,0,6
CHE,1102,10,24,0,1
CHE,1102,11,24,0,1
CHE,1102,13,24,0,3
CHE,1102,14,24,0,14
CHE,1102,15,24,0,5
CHE,1102,16,24,0,6
CHE,1102,17,24,0,3
CHE,1102,18,24,0,3
CHE,1102,19,24,0,4
CHE,1102,22,24,0,3
CHE,1102,23,24,0,3
CHE,1102,25,24,0,3
CHE,1102,26,24,0,1
CHE,1102,27,24,0,0
CHE,1102,28,24,0,1
CHE,1102,31,24,0,0
CHE,1102,32,24,0,5
CHE,1102,33,24,0,1
CHE,1102,34,24,0,1
CHE,1102,35,24,0,2
CHE,1102,36,24,0,4
CHE,1146,01,15,9,0
CHE,1146,02,15,0,0
CHE,1300,01,68,52,0
CHE,1300,02,20,0,0
CHE,1301,01,68,48,0
CHE,1301,02,48,0,0
CHE,1301,03,48,33,0
CHE,1301,05,36,8,0
CHE,1301,06,36,0,0
CHE,1301,07,48,20,0
CHE,1302,01,110,0,10
CHE,1302,02,110,0,6
CHE,1302,04,106,0,0
CHE,1302,05,106,0,1
CHE,1302,06,45,0,14
CHE,1302,07,80,0,5
CHE,1302,08,60,0,2
CHE,1302,09,60,0,1
CHE,1302,10,60,0,2
CHE,1302,11,60,0,2
CHE,1302,H1,48,16,0
CHE,1341,01,30,4,0
CHE,1405,01,46,37,0
CHE,1405,02,30,0,1
CHE,1405,A,16,0,N/A
CHE,1405,B,16,3,N/A
CHE,1405,C,16,11,N/A
CHE,1405,D,16,11,N/A
CHE,1405,H1,2,2,0
CHE,1V9R,01,5,5,0
CHE,1V9R,02,5,4,0
CHE,1V9R,03,5,5,0
CHE,1V9R,04,5,5,0
CHE,1V9R,05,5,5,0
CHE,1V9R,06,5,5,0
CHE,1V9R,07,5,4,0
CHE,1V9R,08,5,5,0
CHE,1V9R,09,5,5,0
CHE,1V9R,10,5,3,0
CHE,1V9R,11,5,5,0
CHE,1V9R,12,5,5,0
CHE,1V9R,13,5,5,0
CHE,1V9R,14,10,10,0
CHE,1V9R,15,5,5,0
CHE,1V9R,16,5,5,0
CHE,1V9R,17,5,3,0
CHE,1V9R,18,5,4,0
CHE,1V9R,19,5,5,0
CHE,1V9R,20,5,5,0
CHE,1V9R,21,5,5,0
CHE,1V9R,22,5,5,0
CHE,1V9R,23,5,5,0
CHE,2416,01,68,35,0
CHE,2416,A,17,10,N/A
CHE,2416,B,17,12,N/A
CHE,2416,C,17,5,N/A
CHE,2416,D,17,8,N/A
CHE,2V9R,01,5,4,0
CHE,2V9R,02,5,5,0
CHE,2V9R,03,5,4,0
CHE,2V9R,04,5,5,0
CHE,2V9R,05,5,5,0
CHE,2V9R,06,5,5,0
CHE,2V9R,07,5,5,0
CHE,2V9R,08,5,5,0
CHE,2V9R,09,5,5,0
CHE,2V9R,10,5,5,0
CHE,2V9R,11,5,5,0
CHE,2V9R,12,5,5,0
CHE,2V9R,13,5,5,0
CHE,2V9R,14,5,5,0
CHE,2V9R,15,5,5,0
CHE,2V9R,16,5,5,0
CHE,2V9R,17,5,5,0
CHE,2V9R,18,5,5,0
CHE,2V9R,19,5,5,0
CHE,2V9R,20,5,5,0
CHE,2V9R,21,5,5,0
CHE,2V9R,22,5,5,0
CHE,2V9R,23,5,5,0
CHE,2V9R,30,20,11,0
CHE,3238,01,230,0,0
CHE,3238,02,210,9,0
CHE,3238,03,5,0,0
CHE,3238,A,20,0,N/A
CHE,3238,B,20,0,N/A
CHE,3238,C,20,0,N/A
CHE,3238,D,20,0,N/A
CHE,3238,E,20,0,N/A
CHE,3238,F,20,0,N/A
CHE,3238,G,20,0,N/A
CHE,3238,I,20,0,N/A
CHE,3238,J,20,0,N/A
CHE,3238,K,20,0,N/A
CHE,3238,L,20,0,N/A
CHE,3238,M,20,0,N/A
CHE,3238,N,20,0,N/A
CHE,3238,O,20,0,N/A
CHE,3238,P,20,0,N/A
CHE,3238,Q,20,0,N/A
CHE,3238,R,20,0,N/A
CHE,3238,S,20,0,N/A
CHE,3238,T,20,0,N/A
CHE,3238,U,20,0,N/A
CHE,3238,V,1,0,N/A
CHE,3238,W,2,0,N/A
CHE,3238,X,2,0,N/A
CHE,3238,Y,20,2,N/A
CHE,3238,Z,20,7,N/A
CHE,3331,01,68,6,0
CHE,3331,02,68,1,0
CHE,3331,03,68,9,0
CHE,3332,01,102,0,14
CHE,3332,02,20,0,7
CHE,3332,03,102,31,0
CHE,3332,04,102,0,0
CHE,3332,05,48,26,0
CHE,3332,06,102,0,14
CHE,3332,07,20,0,2
CHE,3V9R,01,5,5,0
CHE,3V9R,02,19,19,0
CHE,3V9R,03,19,19,0
CHE,3V9R,04,19,19,0
CHE,3V9R,05,19,19,0
CHE,3V9R,06,19,19,0
CHE,3V9R,07,19,19,0
CHE,3V9R,08,19,19,0
CHE,3V9R,09,19,19,0
CHE,3V9R,10,19,19,0
CHE,3V9R,11,19,19,0
CHE,3V9R,12,19,19,0
CHE,3V9R,13,19,19,0
CHE,3V9R,14,19,19,0
CHE,3V9R,15,19,19,0
CHE,3V9R,16,19,19,0
CHE,3V9R,17,19,19,0
CHE,3V9R,18,19,19,0
CHE,3V9R,19,19,19,0
CHE,3V9R,20,19,19,0
CHE,3V9R,21,19,19,0
CHE,3V9R,22,19,19,0
CHE,3V9R,23,19,18,0
CHE,4001,01,106,21,0
CHE,4141,01,48,30,0
CHE,4141,A,8,5,N/A
CHE,4141,B,8,2,N/A
CHE,4141,C,8,3,N/A
CHE,4141,D,8,4,N/A
CHE,4142,01,32,5,0
CHE,4142,02,32,24,0
CHE,4142,A,8,4,N/A
CHE,4142,B,8,3,N/A
CHE,4142,C,8,5,N/A
CHE,4142,D,8,5,N/A
CHE,4142,E,8,2,N/A
CHE,4142,F,8,4,N/A
CHE,4142,G,8,5,N/A
CHE,4142,I,8,1,N/A
CHE,4151,01,12,0,0
CHE,4151,02,12,0,0
CHE,4151,03,12,5,0
CHE,4151,04,12,1,0
CHE,4199,01,1,1,0
CHE,4199,02,1,1,0
CHE,4199,03,1,1,0
CHE,4217,01,30,5,0
CHE,4217,A,10,0,N/A
CHE,4217,B,10,5,N/A
CHE,4217,C,10,0,N/A
CHE,4225,01,30,1,0
CHE,4225,A,15,0,N/A
CHE,4225,B,15,1,N/A
CHE,4228,01,20,13,0
CHE,4228,A,20,13,N/A
CHE,4237,01,25,0,0
CHE,4237,A,9,0,N/A
CHE,4237,B,8,0,N/A
CHE,4237,C,8,0,N/A
CHE,4307,01,20,15,0
CHE,4316,01,68,37,0
CHE,4322,01,30,22,0
CHE,4327,01,30,5,0
CHE,4332,01,30,15,0
CHE,4341,01,30,14,0
CHE,4341,02,30,0,4
CHE,4341,03,30,0,4
CHE,4341,04,30,0,5
CHE,4341,05,48,0,1
CHE,4341,06,30,1,0
CHE,4341,A,24,20,N/A
CHE,4341,B,24,12,N/A
CHE,4341,C,30,12,N/A
CHE,4341,D,30,0,N/A
CHE,4341,E,30,4,N/A
CHE,4341,F,30,17,N/A
CHE,4341,G,30,26,N/A
CHE,4341,I,36,0,N/A
CHE,4341,J,30,0,N/A
CHE,4341,K,30,20,N/A
CHE,4342,01,48,30,0
CHE,4342,02,25,0,3
CHE,4342,03,25,0,1
CHE,4342,04,25,1,0
CHE,4342,05,25,2,0
CHE,4342,A,15,4,N/A
CHE,4342,B,15,8,N/A
CHE,4342,C,20,0,1
CHE,4342,D,20,1,0
CHE,4342,E,20,0,0
CHE,4342,F,20,2,0
CHE,4342,G,20,0,0
CHE,4342,I,20,20,0
CHE,4V60,01,17,3,0
CHE,4V9R,01,5,5,0
CHE,4V9R,02,5,5,0
CHE,4V9R,03,5,4,0
CHE,4V9R,04,5,4,0
CHE,4V9R,05,5,5,0
CHE,4V9R,06,5,5,0
CHE,4V9R,07,5,5,0
CHE,4V9R,08,5,5,0
CHE,4V9R,09,5,5,0
CHE,4V9R,10,5,5,0
CHE,4V9R,11,5,5,0
CHE,4V9R,12,6,6,0
CHE,4V9R,13,5,5,0
CHE,4V9R,14,5,5,0
CHE,4V9R,15,5,5,0
CHE,4V9R,16,5,4,0
CHE,4V9R,17,5,4,0
CHE,4V9R,18,5,3,0
CHE,4V9R,19,5,5,0
CHE,4V9R,20,5,5,0
CHE,4V9R,21,19,19,0
CHE,4V9R,22,19,19,0
CHE,4V9R,23,19,19,0
CFS,1315,01,39,13,0
CFS,1315,02,39,0,14
CFS,2355,01,0,9,0
CFS,2355,02,0,5,0
CFS,2357,01,29,0,18
CFS,2357,02,35,0,2
CFS,2357,03,29,1,7
CFS,3304,01,27,0,7
CFS,3304,02,27,0,2
CFS,3324,01,29,0,0
CFS,3324,02,25,1,22
CFS,3324,03,25,0,23
CFS,3324,04,19,19,0
CFS,3350,01,25,0,10
CFS,3350,02,25,0,8
CFS,3350,03,25,0,3
CFS,3350,04,25,0,2
CFS,3356,01,29,4,4
CFS,3356,02,25,3,12
CFS,3358,01,19,0,8
CFS,3368,01,20,0,8
CFS,4191,01,19,1,0
CFS,4356,01,29,0,15
CFS,4357,01,19,0,3
CFS,4357,02,19,0,2
CFS,4358,01,29,1,7
CFS,4359,01,29,0,10
CFS,4359,02,29,20,0
CFS,4363,01,27,0,1
CFS,4367,01,30,0,7
CFS,4390,01,0,0,2
CFS,4V93,01,28,0,2
CHI,1302,01,19,1,0
CHI,1302,02,19,13,0
CHI,1302,A,19,10,N/A
CHI,1302,B,16,0,N/A
CHI,2320,01,20,3,0
CHI,3302,01,15,5,0
CHI,3306,01,19,5,0
CHI,3V70,01,1,1,0
CHI,3V70,02,1,3,0
CHI,3V9R,01,19,19,0
CHI,4301,01,10,7,0
CHI,4V9R,01,19,19,0
CLA,1304,01,15,0,0
CLA,2301,01,19,0,1
CLA,2306,01,19,0,0
CLA,2306,02,19,0,0
CLA,2306,03,19,0,0
CLA,2306,04,19,0,1
CLA,2306,05,19,0,15
CLA,2306,W1,15,1,3
CLA,3303,01,19,0,5
CLA,3330,01,19,11,0
CLA,3350,01,19,6,0
CLA,3381,01,19,1,9
CLA,3381,02,29,0,20
CLA,3381,03,29,0,29
CLA,3381,04,29,0,19
CLA,3381,05,29,0,19
CLA,3381,06,29,0,19
CLA,4300,01,19,0,0
CSD,1305,01,16,0,14
CSD,1305,02,16,0,13
CSD,1305,03,16,0,12
CSD,1305,04,16,0,9
CSD,1305,05,19,0,12
CSD,1305,A,21,0,N/A
CSD,1305,B,21,1,N/A
CSD,1305,C,21,0,N/A
CSD,1305,D,21,0,N/A
CSD,1306,01,19,8,0
CSD,1306,02,19,0,3
CSD,1306,03,19,0,4
CSD,1306,04,19,0,1
CSD,1306,05,19,1,0
CSD,1306,06,19,0,0
CSD,1306,08,19,13,0
CSD,1306,09,16,0,4
CSD,1306,A,19,0,N/A
CSD,1306,B,19,0,N/A
CSD,1306,C,19,12,N/A
CSD,1306,D,19,0,N/A
CSD,1306,E,19,1,N/A
CSD,1306,F,19,2,N/A
CSD,1306,G,19,12,N/A
CSD,1306,I,19,0,N/A
CSD,1308,01,45,25,0
CSD,2101,01,25,7,0
CSD,2301,01,19,1,1
CSD,2301,02,14,1,1
CSD,2302,01,26,1,0
CSD,2318,01,29,0,1
CSD,2318,02,29,1,0
CSD,2351,01,50,0,3
CSD,2V9R,01,1,0,0
CSD,3308,501,56,20,0
CSD,3312,01,26,0,9
CSD,3313,01,30,3,0
CSD,3314,01,25,3,0
CSD,3357,01,60,18,0
CSD,3359,02,45,2,0
CSD,4301,01,49,11,0
CSD,4302,01,48,15,0
CSD,4305,01,49,8,0
CSD,4308,01,40,0,0
CSD,4309,01,19,4,0
CSD,4352,01,49,8,0
CSD,4358,01,29,2,0
CSD,4358,02,27,10,0
CSD,4362,01,49,48,0
CSD,4362,W1,10,10,0
CSD,4368,01,43,3,0
CSD,4368,02,27,6,0
CSD,4477,01,45,0,0
CSD,4662,01,5,4,0
CSD,4663,01,5,4,0
CSD,4V85,01,10,10,0
CSD,4V85,02,10,10,0
CSD,4V86,01,10,1,0
CSD,4V86,02,19,13,0
CSD,4V87,02,5,5,0
CSD,4V87,03,5,5,0
CSD,4V87,04,15,15,0
CSD,4V87,05,5,4,0
CSD,4V87,06,5,5,0
CSD,4V87,07,5,5,0
CSD,4V87,08,5,5,0
CSD,4V87,09,5,5,0
CSD,4V87,10,5,5,0
CSS,1301,01,180,114,0
CSS,1302,01,210,6,1
CSS,1302,02,20,0,0
CSS,1302,03,20,0,3
CSS,1302,04,25,0,0
CSS,1302,05,25,3,1
CSS,1302,06,22,0,0
CSS,1302,07,20,1,0
CSS,1302,08,25,3,2
CSS,1302,11,25,1,2
CSS,1302,12,25,3,2
CSS,1302,13,25,3,0
CSS,1302,14,25,3,0
CSS,1302,15,20,3,1
CSS,1302,16,20,4,0
CSS,1302,17,20,5,0
CSS,1302,18,25,3,1
CSS,1302,19,25,1,0
CSS,1302,9,12,0,4
CSS,1302,W1,25,7,0
CSS,1304,01,30,0,0
CSS,1304,02,30,0,3
CSS,2265,01,14,13,0
CSS,3248,01,14,13,0
CSS,3302,01,30,1,3
CSS,3302,02,28,1,2
CSS,3302,03,20,0,2
CSS,3302,04,29,2,2
CSS,3302,05,28,0,1
CSS,3302,06,29,0,0
CSS,3304,01,22,0,10
CSS,3304,02,20,0,11
CSS,3304,03,20,0,13
CSS,3304,04,19,1,8
CSS,3306,01,30,3,0
CSS,3306,02,30,0,2
CSS,3306,03,30,0,10
CSS,3307,01,30,1,12
CSS,3307,02,28,0,6
CSS,3307,W1,29,2,0
CSS,3310,01,30,1,16
CSS,3310,02,27,1,11
CSS,3310,03,27,2,13
CSS,3311,01,29,0,0
CSS,3311,02,26,1,1
CSS,3311,03,26,0,8
CSS,3311,04,28,1,6
CSS,3311,05,28,0,0
CSS,3311,06,29,0,3
CSS,3312,01,18,0,5
CSS,3312,02,19,0,3
CSS,3312,03,30,0,14
CSS,3312,04,30,2,10
CSS,3314,01,25,2,0
CSS,3314,02,28,1,0
CSS,3316,01,48,0,34
CSS,3316,W1,29,9,0
CSS,4301,01,26,2,0
CSS,4301,02,21,0,5
CSS,4301,03,28,2,0
CSS,4301,04,30,2,0
CSS,4301,W1,25,5,0
CSS,4303,01,25,4,0
CSS,4303,02,29,0,0
CSS,4303,03,20,0,2
CSS,4303,04,20,0,5
CSS,4306,01,30,11,17
CSS,4311,01,90,4,13
CSS,4313,01,29,0,4
CSS,4313,02,29,0,8
CSS,4315,01,47,0,0
CSS,4315,W1,25,10,0
CSS,4317,01,45,0,0
CSS,4319,01,30,5,18
CSS,4350,01,27,3,0
CSS,4380,80,10,5,0
CSS,4380,81,10,10,0
CSS,4380,82,10,10,0
CSS,4392,01,30,1,12
CSS,4V85,01,5,2,0
CSS,4V85,02,5,0,0
CSS,4V85,03,5,5,0
CSS,4V85,04,5,5,0
CSS,4V85,05,5,5,0
CSS,4V85,82,5,5,0
CSI,1401,01,15,0,1
CSI,1401,02,15,9,0
CSI,1401,03,10,9,0
CSI,1402,01,19,6,0
CSI,1402,02,19,2,0
CSI,1402,03,15,15,0
CSI,1430,01,19,9,0
CSI,1430,02,0,0,0
CSI,1430,03,19,8,0
CSI,1440,01,25,0,3
CSI,1440,02,25,0,9
CSI,2300,01,19,4,0
CSI,2300,02,19,8,0
CSI,2300,03,1,0,0
CSI,2334,01,19,9,0
CSI,2350,01,25,1,2
CSI,2350,02,25,9,0
CSI,2350,03,0,0,1
CSI,3303,01,38,16,0
CSI,3334,01,29,10,0
CSI,3335,01,22,6,0
CSI,3336,01,19,4,0
CSI,3344,01,19,3,0
CSI,3344,02,19,1,0
CSI,3372,01,19,4,0
CSI,3374,01,58,1,0
CSI,3471,03,19,0,0
CSI,3471,04,19,6,0
CSI,4010,02,19,19,0
CSI,4111,01,24,10,0
CSI,4321,01,30,0,0
CSI,4323,01,39,16,0
CSI,4325,01,8,2,0
CSI,4328,01,18,18,0
CSI,4330,01,39,0,0
CSI,4337,01,19,1,0
CSI,43C9,01,32,1,0
CSF,3001,01,1,1,0
CSF,3101,01,0,0,0
CSF,3102,01,1,1,0
CSF,4001,01,0,0,0
CSF,4302,01,0,0,0
CSF,4V01,01,0,0,0
CW,3300,01,12,1,0
CW,3300,02,12,1,0
CW,3300,W1,0,0,0
CW,3340,01,14,0,0
CW,3340,02,14,1,0
CW,3390,01,12,0,0
CW,4300,01,12,3,0
CW,4340,01,12,0,0
EDC,3309,01,30,15,0
DSC,2350,01,40,21,0
DSC,3310,01,15,5,0
DSC,3334,02,35,1,1
DSC,3335,01,19,5,0
DSC,3335,02,19,0,0
DSC,3344,01,22,14,0
DSC,4310,01,36,1,0
DSC,4320,01,35,4,2
DSC,43C9,01,30,2,0
ECO,1305,01,40,20,0
ECO,1305,02,40,1,0
ECO,1305,03,35,13,0
ECO,1305,04,40,0,9
ECO,1305,H1,5,4,0
ECO,1305,W2,19,0,5
ECO,1380,01,25,2,0
ECO,1380,02,26,0,0
ECO,1380,03,25,4,0
ECO,1380,H1,5,4,0
ECO,1380,H2,5,0,0
ECO,1380,H3,5,4,0
ECO,2306,01,30,0,10
ECO,2306,02,30,0,0
ECO,2306,03,30,4,0
ECO,2306,04,35,0,6
ECO,2306,05,35,0,1
ECO,2306,06,35,2,0
ECO,2306,07,35,6,0
ECO,2306,08,35,2,0
ECO,2306,H1,5,5,0
ECO,2306,W2,25,10,0
ECO,2307,01,25,0,5
ECO,2307,02,35,9,0
ECO,2307,03,35,4,0
ECO,2307,04,30,24,0
ECO,2307,05,25,5,0
ECO,2307,06,35,3,0
ECO,2307,08,35,10,0
ECO,2307,09,35,23,0
ECO,2307,H1,5,1,0
ECO,2307,W2,25,3,0
ECO,3306,01,34,0,8
ECO,3306,02,40,20,0
ECO,3307,01,22,6,0
ECO,3307,02,23,0,0
ECO,3390,01,25,10,0
ECO,3390,02,20,2,0
ECO,3390,03,20,4,0
ECO,3390,04,15,14,0
ECO,3390,05,20,2,0
ECO,3390,06,15,14,0
ECO,4319,01,25,4,0
ECO,4320,01,32,0,0
ECO,4323,01,10,5,0
ECO,4333,01,25,2,0
ECO,4347,02,19,9,0
ECO,4349,01,13,9,0
ECO,4350,01,25,2,0
ECO,4352,01,13,12,0
ECO,4390,01,5,5,0
ECO,4390,02,10,5,0
ECO,4390,03,30,20,0
ECO,4V98,01,0,0,0
EDP,2336,01,25,0,1
EDP,2336,02,25,0,0
EDP,2336,03,25,18,0
EDP,2336,04,25,1,2
EDP,2336,05,25,0,2
EDP,2336,06,25,1,0
EDP,2336,07,25,15,0
EDP,2350,01,15,2,0
EDP,2360,01,14,2,0
EDP,3324,01,29,0,0
EDP,3324,02,29,3,0
EDP,3334,01,13,5,0
EDP,3361,01,24,23,0
EDP,3361,02,25,22,0
EDP,3361,03,25,8,0
EDP,3361,04,25,10,0
EDP,3361,05,25,18,0
EDP,3362,501,19,13,0
EDP,3362,502,4,2,0
EDP,3368,01,19,14,0
EDP,3379,01,19,11,0
EDP,3470,01,19,14,0
EDP,4352,01,14,6,0
EDP,4650,01,10,10,0
EDP,4651,01,10,10,0
EDP,4662,01,10,7,0
EDP,4662,02,19,17,0
EDP,4663,01,10,7,0
EDP,4663,02,19,18,0
ELC,2130,01,15,0,0
ELC,2130,03,15,0,0
ELC,2137,02,12,3,0
ELC,2320,01,36,7,0
ELC,2330,01,30,0,0
ELC,2337,01,36,3,0
ELC,3114,01,10,0,0
ELC,3114,02,12,0,0
ELC,3314,01,22,0,0
ELC,3335,01,22,2,0
ELC,3336,01,18,9,0
ELC,3337,01,18,10,0
ELC,3338,01,20,1,0
ELC,4326,01,6,0,0
ELC,4332,01,20,2,0
ELC,4334,01,10,3,0
ELC,4335,01,48,0,0
ELC,4345,01,10,5,0
ELC,4345,A,15,10,N/A
ELC,4351,01,28,1,0
ELC,4363,01,19,5,0
ELC,4367,01,10,2,0
ELC,4372,01,6,1,0
ELC,4384,01,5,4,0
ELC,4396,02,8,5,0
ELC,4396,21,12,4,0
ELC,4396,22,5,3,0
ELC,4438,01,18,5,0
EGR,1301,01,19,15,0
EGR,1301,A,19,15,N/A
EGR,1302,01,31,0,0
EGR,1302,02,31,0,0
EGR,1302,03,62,0,0
EGR,1302,04,31,1,0
EGR,2108,03,29,1,0
EGR,2108,04,29,6,0
EGR,2170,01,34,1,0
EGR,2170,02,34,0,0
EGR,2V99,02,0,0,0
EGR,2V9R,01,5,3,0
EGR,2V9R,02,10,9,0
EGR,3115,01,19,9,0
EGR,3305,01,42,0,0
EGR,3380,01,44,1,3
EGR,3380,02,20,1,0
EGR,4390,01,82,1,2
EGR,4V97,01,15,12,0
ECS,2101,01,25,12,0
ECS,2101,02,25,21,0
ECS,2101,03,24,23,0
ENG,1310,01,16,0,1
ENG,1310,02,16,1,0
ENG,1310,03,16,0,0
ENG,1310,05,0,1,N/A
ENG,1310,06,16,0,2
ENG,1310,07,0,2,N/A
ENG,1310,08,16,10,0
ENG,1310,09,16,0,0
ENG,1310,10,0,6,0
ENG,1310,11,16,6,0
ENG,1310,12,16,0,2
ENG,1310,13,16,0,5
ENG,1310,14,16,0,7
ENG,1310,15,16,0,1
ENG,1310,16,16,0,0
ENG,1310,17,16,0,0
ENG,1310,18,16,0,9
ENG,1310,19,16,0,1
ENG,1310,20,16,0,2
ENG,1310,21,16,0,0
ENG,1310,22,16,5,0
ENG,1310,23,16,8,0
ENG,1310,24,16,0,2
ENG,1310,25,16,0,3
ENG,1310,26,16,0,1
ENG,1310,27,16,1,0
ENG,1310,28,16,0,1
ENG,1310,29,16,0,3
ENG,1310,30,16,0,0
ENG,1310,31,16,0,1
ENG,1310,32,16,0,0
ENG,1310,33,0,1,N/A
ENG,1310,34,16,5,0
ENG,1310,36,16,0,1
ENG,1310,37,0,1,N/A
ENG,1310,38,0,4,0
ENG,1310,39,16,0,0
ENG,1310,40,16,0,1
ENG,1310,42,16,9,0
ENG,1310,43,0,2,0
ENG,1310,44,10,0,5
ENG,1310,45,0,3,1
ENG,1310,W1,10,0,2
ENG,2301,01,17,0,2
ENG,2301,02,17,3,0
ENG,2301,03,17,0,0
ENG,2301,04,17,6,0
ENG,2301,05,17,0,0
ENG,2301,06,17,2,1
ENG,2301,07,17,0,2
ENG,2301,08,17,0,2
ENG,2301,09,17,1,0
ENG,2301,10,17,0,3
ENG,2301,11,17,0,5
ENG,2301,12,17,0,0
ENG,2301,13,17,0,5
ENG,2301,14,17,0,0
ENG,2301,15,17,0,0
ENG,2301,16,17,0,0
ENG,2301,17,17,3,0
ENG,2301,18,17,12,0
ENG,2301,19,10,4,0
ENG,2301,20,17,3,0
ENG,2301,21,17,4,0
ENG,2301,22,17,1,0
ENG,2301,23,16,0,12
ENG,2301,24,17,4,0
ENG,2301,25,17,2,0
ENG,2301,26,0,14,8
ENG,2301,27,16,0,0
ENG,2301,28,16,0,4
ENG,2301,LS,17,0,10
ENG,2301,W1,11,0,8
ENG,2301,W2,11,0,6
ENG,2301,W3,10,0,1
ENG,2306,01,17,0,8
ENG,2306,02,17,0,5
ENG,2306,W1,10,1,13
ENG,2310,01,17,0,3
ENG,2310,02,17,0,0
ENG,2310,03,17,0,2
ENG,2310,04,17,0,4
ENG,2310,05,17,0,2
ENG,2310,06,17,0,0
ENG,2310,07,17,0,0
ENG,2310,08,17,0,1
ENG,2310,09,17,0,0
ENG,2310,10,17,0,9
ENG,2310,11,17,0,1
ENG,2310,12,17,0,5
ENG,2310,13,17,0,0
ENG,2310,14,17,0,1
ENG,2310,15,17,0,3
ENG,2310,16,17,0,12
ENG,2310,17,17,0,0
ENG,2310,18,17,0,1
ENG,2310,19,17,0,6
ENG,2310,20,17,0,2
ENG,2310,21,17,0,2
ENG,2310,22,17,0,8
ENG,2310,23,17,0,2
ENG,2310,24,17,0,4
ENG,2310,25,17,0,2
ENG,2310,26,17,0,2
ENG,2310,27,17,0,2
ENG,2310,28,17,0,5
ENG,2310,29,17,0,1
ENG,2310,30,17,1,8
ENG,2310,31,17,0,1
ENG,2310,32,17,0,1
ENG,2310,33,17,0,4
ENG,2310,34,17,0,6
ENG,2310,35,17,0,6
ENG,2310,36,17,0,1
ENG,2310,37,17,0,3
ENG,2310,38,17,0,2
ENG,2310,39,17,1,3
ENG,2310,40,17,0,6
ENG,2310,41,17,0,2
ENG,2310,42,17,0,3
ENG,2310,43,17,0,7
ENG,2310,44,17,0,3
ENG,2310,45,17,0,3
ENG,2310,46,17,0,4
ENG,2310,47,17,0,3
ENG,2310,48,17,0,0
ENG,2310,49,17,0,6
ENG,2310,50,17,0,2
ENG,2310,51,17,0,5
ENG,2310,52,17,0,1
ENG,2310,54,17,4,0
ENG,2310,55,17,0,0
ENG,2310,56,17,0,1
ENG,2310,57,17,0,0
ENG,2310,58,17,1,5
ENG,2310,59,17,0,8
ENG,2310,60,17,0,7
ENG,2310,61,10,0,10
ENG,2310,62,3,0,0
ENG,2310,63,17,13,0
ENG,2310,64,17,15,0
ENG,2310,W1,11,0,4
ENG,2310,W2,11,0,2
ENG,2310,W3,11,0,2
ENG,2310,W4,11,0,8
ENG,3302,02,15,0,0
ENG,3310,01,10,0,0
ENG,3341,01,14,0,3
ENG,3370,01,11,0,6
ENG,3376,01,15,1,0
ENG,4319,01,11,11,0
ENG,4371,01,15,0,0
ENG,4372,01,15,0,0
ENG,4383,01,15,0,0
ENG,4V18,01,0,0,0
ENG,4V18,02,0,0,0
ENG,4V18,03,0,0,0
ENG,4V19,01,0,0,0
ENG,4V19,02,0,0,0
ENG,4V19,03,0,0,0
ENGL,3342,01,15,0,0
ENGL,3347,01,15,0,1
ENGL,4300,01,15,0,1
ENGL,4301,01,15,0,12
ENGL,4318,01,15,0,5
ENGL,4320,01,8,4,7
ENGL,4320,02,10,4,0
ENGL,4330,01,14,0,0
ENGL,4334,01,6,2,0
ENGL,4334,02,6,2,0
ENGL,4334,03,6,1,0
ENGL,4334,04,6,0,0
ENGL,4334,05,0,0,0
ENGL,4334,06,12,0,0
ENGL,4360,01,15,0,0
ENGL,4360,02,0,0,0
ENGL,4360,03,15,0,8
ENGL,4366,01,15,0,0
ENGL,4372,01,15,0,0
ENT,3315,01,24,3,0
ENT,3315,02,30,0,0
ENT,3315,03,24,0,1
ENT,3315,04,24,0,2
ENT,3315,05,30,0,0
ENT,3315,07,30,0,0
ENT,3315,08,27,2,0
ENT,3320,01,22,2,0
ENT,3320,02,22,1,1
ENT,3320,03,22,0,1
ENT,3320,04,22,0,0
ENT,3325,01,40,0,6
ENT,3380,01,57,5,0
ENT,4310,01,40,0,0
ENT,4310,02,40,0,1
ENT,4310,03,34,0,3
ENT,4310,04,33,4,0
ENT,4320,01,24,12,0
ENT,4320,02,24,0,3
ENT,4321,01,25,0,8
ENT,4321,02,25,14,0
ENT,4321,03,24,0,1
ENT,4322,01,24,8,0
ENT,4322,02,24,0,4
ENT,4322,03,65,3,0
ENT,4325,01,40,0,6
ENT,4330,01,34,14,0
ENT,4340,01,25,4,0
ENT,4353,01,28,0,0
ENT,4353,02,22,1,0
ENT,4377,01,0,18,6
ENT,4395,87,0,5,0
ENT,4398,02,0,0,0
ENT,4V9R,01,19,19,0
ENT,4V9R,02,19,19,0
ENV,1101,01,24,8,0
ENV,1101,02,24,0,3
ENV,1101,03,24,0,0
ENV,1101,04,24,0,0
ENV,1101,05,24,1,0
ENV,1101,06,24,7,0
ENV,1101,07,24,9,0
ENV,1101,08,24,19,0
ENV,1101,09,24,0,2
ENV,1101,10,24,9,0
ENV,1101,12,24,0,0
ENV,1101,13,24,17,0
ENV,1101,14,24,8,0
ENV,1101,15,0,0,1
ENV,1103,01,24,6,0
ENV,1103,02,24,10,0
ENV,1301,02,69,0,0
ENV,1301,03,68,0,12
ENV,1301,04,30,0,4
ENV,1301,06,206,139,0
ENV,1301,08,30,0,8
ENV,1301,H1,19,16,0
ENV,1303,01,19,1,0
ENV,1303,03,51,16,0
ENV,1307,01,59,58,0
ENV,1309,01,75,64,0
ENV,1V9R,01,2,2,0
ENV,1V9R,02,2,1,0
ENV,2307,01,30,12,0
ENV,2376,01,30,0,1
ENV,2V9R,01,1,1,0
ENV,2V9R,02,1,1,0
ENV,3100,01,82,82,0
ENV,3300,02,19,0,1
ENV,3306,01,30,19,0
ENV,3310,01,10,0,5
ENV,3310,02,10,4,0
ENV,3314,01,15,0,0
ENV,3314,02,19,16,0
ENV,3320,01,12,0,0
ENV,3333,02,19,0,1
ENV,3337,01,19,12,0
ENV,3370,01,19,12,0
ENV,3V90,01,1,1,0
ENV,3V90,02,4,4,0
ENV,3V93,01,1,1,0
ENV,3V93,02,1,1,0
ENV,3V9R,01,1,1,0
ENV,3V9R,02,2,2,0
ENV,3V9R,03,1,1,0
ENV,3V9R,04,1,1,0
ENV,3V9R,05,1,1,0
ENV,3V9R,06,1,1,0
ENV,3V9R,07,1,1,0
ENV,3V9R,08,1,1,0
ENV,3V9R,09,5,1,0
ENV,3V9R,10,1,1,0
ENV,3V9R,11,1,0,0
ENV,3V9R,12,2,2,0
ENV,3V9R,13,3,1,0
ENV,3V9R,14,3,1,0
ENV,3V9R,15,12,12,0
ENV,3V9R,16,1,1,0
ENV,4102,01,20,10,0
ENV,4199,01,5,5,0
ENV,4199,02,5,5,0
ENV,4199,03,5,5,0
ENV,4199,04,2,2,0
ENV,4199,05,5,5,0
ENV,4199,06,2,2,0
ENV,4199,07,2,2,0
ENV,4199,08,2,2,0
ENV,4299,01,5,5,0
ENV,4299,02,5,5,0
ENV,4299,03,5,5,0
ENV,4299,04,2,2,0
ENV,4299,05,5,5,0
ENV,4299,06,2,2,0
ENV,4299,07,2,2,0
ENV,4307,02,11,0,0
ENV,4309,01,19,12,0
ENV,4310,01,10,0,4
ENV,4313,01,19,12,0
ENV,4323,01,11,4,0
ENV,4325,01,12,2,0
ENV,4330,01,4,0,0
ENV,4330,02,5,3,0
ENV,4340,01,5,0,0
ENV,4344,01,17,6,0
ENV,4345,01,8,0,0
ENV,4390,01,19,19,0
ENV,4393,01,10,0,0
ENV,43C2,01,12,0,0
ENV,4430,01,3,3,0
ENV,4485,01,16,5,0
ENV,4485,A,8,3,N/A
ENV,4485,B,8,2,N/A
ENV,4V13,01,6,6,0
ENV,4V13,02,0,0,0
ENV,4V50,1,1,0,0
ENV,4V90,01,2,2,0
ENV,4V90,02,1,1,0
ENV,4V90,03,1,1,0
ENV,4V90,04,1,1,0
ENV,4V90,05,9,9,0
ENV,4V90,06,1,1,0
ENV,4V90,08,1,1,0
ENV,4V90,09,1,1,0
ENV,4V90,10,1,1,0
ENV,4V90,11,1,1,0
ENV,4V90,12,1,1,0
ENV,4V90,13,1,1,0
ENV,4V90,14,9,9,0
ENV,4V93,01,1,1,0
ENV,4V93,02,1,1,0
ENV,4V93,03,1,1,0
ENV,4V93,04,1,1,0
ENV,4V93,05,7,7,0
ENV,4V93,06,1,1,0
ENV,4V93,07,1,1,0
ENV,4V93,08,1,1,0
ENV,4V93,09,1,1,0
ENV,4V93,10,1,1,0
ENV,4V93,11,1,1,0
ENV,4V93,12,1,1,0
ENV,4V93,13,1,1,0
ENV,4V93,14,1,1,0
ENV,4V93,16,1,1,0
ENV,4V9R,01,5,0,0
ENV,4V9R,02,1,1,0
ENV,4V9R,03,1,1,0
ENV,4V9R,04,1,1,0
ENV,4V9R,05,12,9,0
ENV,4V9R,06,1,1,0
ENV,4V9R,07,1,1,0
ENV,4V9R,08,1,1,0
ENV,4V9R,09,5,3,0
ENV,4V9R,10,1,1,0
ENV,4V9R,11,1,1,0
ENV,4V9R,12,2,2,0
ENV,4V9R,13,1,1,0
ENV,4V9R,14,1,1,0
ENV,4V9R,16,1,1,0
EST,2300,01,15,15,0
FDM,1197,01,45,44,0
FDM,1201,01,20,10,0
FDM,1201,04,20,1,0
FDM,1303,01,183,160,0
FDM,1303,02,125,54,0
FDM,1303,03,250,158,0
FDM,1303,04,5,4,0
FDM,1303,H1,5,5,0
FDM,1303,W1,19,14,0
FDM,1304,01,249,225,0
FDM,1304,H1,5,3,0
FDM,1304,W1,19,11,0
FDM,1309,01,160,91,0
FDM,1309,W1,18,0,1
FDM,2351,01,100,62,0
FDM,2360,01,12,8,0
FDM,2360,02,12,9,0
FDM,2360,03,12,11,0
FDM,2360,04,10,0,0
FDM,2360,05,10,0,0
FDM,2360,06,10,3,0
FDM,3315,01,5,4,0
FDM,3320,01,39,18,0
FDM,3320,W1,19,2,0
FDM,3361,01,12,4,0
FDM,3361,02,12,0,0
FDM,3361,03,12,0,0
FDM,3371,01,19,3,0
FDM,3373,01,12,0,3
FDM,3373,02,12,0,4
FDM,3374,01,12,0,1
FDM,3374,02,12,3,0
FDM,3380,01,15,0,0
FDM,3V9R,01,0,0,0
FDM,3V9R,02,0,0,0
FDM,4314,01,24,0,0
FDM,4340,01,15,1,0
FDM,4340,02,16,0,3
FDM,4340,03,16,0,0
FDM,4340,W1,15,10,0
FDM,4342,80,19,10,0
FDM,4343,01,19,3,0
FDM,4347,80,16,7,0
FDM,4351,01,25,1,3
FDM,4365,01,15,1,0
FDM,4366,01,15,0,0
FDM,4367,01,12,0,0
FDM,4373,01,12,0,0
FDM,4V03,80,10,3,0
FDM,4V03,81,0,0,0
FDM,4V03,82,18,18,0
FDM,4V30,01,5,5,0
FDM,4V85,01,5,0,0
FDM,4V85,02,5,5,0
FDM,4V85,03,5,5,0
FDM,4V85,04,5,5,0
FDM,4V85,05,5,5,0
FDM,4V85,06,5,4,0
FDM,4V85,07,5,4,0
FDM,4V85,08,5,5,0
FDM,4V85,09,5,5,0
FDM,4V85,10,5,4,0
FDM,4V85,82,19,13,0
FDM,4V98,01,5,4,0
FDM,4V9R,01,1,1,0
FDM,4V9R,02,1,1,0
FIN,3303,01,82,0,14
FIN,3303,02,34,8,8
FIN,3303,03,34,5,12
FIN,3305,01,40,0,12
FIN,3309,01,25,17,0
FIN,3309,02,25,0,0
FIN,3309,03,25,0,5
FIN,3309,04,25,5,0
FIN,3309,05,25,0,6
FIN,3309,06,25,0,2
FIN,3309,07,25,0,3
FIN,3310,01,116,22,0
FIN,3310,02,116,0,23
FIN,4186,01,15,1,0
FIN,4310,01,40,0,18
FIN,4311,01,32,0,0
FIN,4331,01,24,2,0
FIN,4331,02,24,0,3
FIN,4331,03,40,0,0
FIN,4339,01,30,0,24
FIN,4350,01,40,0,9
FIN,4350,02,40,0,12
FIN,4350,03,40,0,6
FIN,4360,01,36,0,6
FIN,4360,02,36,0,17
FIN,4360,03,36,25,0
FIN,4360,04,36,33,0
FIN,4360,05,36,0,14
FIN,4363,01,39,0,2
FIN,4363,02,39,0,0
FIN,4365,01,31,0,6
FIN,4365,02,31,0,11
FIN,4365,03,31,0,17
FIN,4365,04,31,15,0
FIN,4365,05,31,1,0
FIN,4365,06,31,23,0
FIN,4365,07,31,0,3
FIN,4366,01,24,0,3
FIN,4366,02,24,0,5
FIN,4366,03,24,0,2
FIN,4368,01,36,0,37
FIN,4368,02,36,0,34
FIN,4370,01,40,0,17
FIN,4381,01,14,0,0
FIN,4V98,01,22,12,0
FIN,4V98,02,24,1,0
FORS,1390,01,150,90,0
FORS,3320,01,14,0,11
FORS,3330,01,14,0,3
FORS,3330,02,14,0,7
FORS,3331,01,4,0,0
FORS,3331,02,3,0,0
FORS,3350,01,30,1,0
FORS,3370,01,25,12,0
FORS,4359,01,5,0,0
FORS,4V50,01,3,3,0
FORS,4V50,02,3,3,0
FORS,4V50,03,3,3,0
FRE,1301,01,12,1,1
FRE,1301,02,12,6,1
FRE,1301,03,12,7,3
FRE,1301,04,10,1,0
FRE,1301,05,19,17,0
FRE,1301,06,0,0,0
FRE,1301,A,19,6,N/A
FRE,1301,B,19,0,N/A
FRE,1301,C,19,6,N/A
FRE,1301,D,19,8,N/A
FRE,1301,E,19,12,N/A
FRE,1302,01,12,1,0
FRE,1302,02,12,7,2
FRE,1302,03,12,7,1
FRE,1302,04,12,5,0
FRE,1302,05,12,7,6
FRE,1302,06,10,1,0
FRE,1302,07,19,18,0
FRE,1302,08,0,0,0
FRE,1302,A,19,5,N/A
FRE,1302,B,19,4,N/A
FRE,1302,C,19,12,N/A
FRE,1302,D,19,12,N/A
FRE,1302,E,19,0,N/A
FRE,1302,F,19,0,N/A
FRE,1302,G,19,1,N/A
FRE,1302,H,0,0,N/A
FRE,2310,01,19,0,2
FRE,2310,02,19,0,4
FRE,2310,03,14,7,0
FRE,2310,04,0,0,0
FRE,2310,A,19,0,N/A
FRE,2310,B,19,0,N/A
FRE,2310,C,19,14,N/A
FRE,2310,D,0,2,N/A
FRE,2320,01,25,4,0
FRE,2320,02,0,0,0
FRE,3302,01,19,7,0
FRE,3306,01,19,8,0
FRE,3309,01,19,4,0
FRE,3337,01,20,0,0
FRE,3V70,01,0,0,0
FRE,3V70,02,0,0,0
FRE,3V9R,01,0,0,0
FRE,4332,01,12,2,0
FRE,43C0,01,19,7,0
FRE,4V90,01,0,0,0
FRE,4V9R,01,0,0,0
GEO,1106,01,12,0,0
GEO,1106,02,12,2,0
GEO,1106,04,12,7,0
GEO,1106,05,12,10,0
GEO,1106,07,12,2,0
GEO,1106,08,12,8,0
GEO,1306,01,136,38,0
GEO,1306,W1,19,0,1
GEO,1309,01,40,5,0
GEO,1401,01,106,43,0
GEO,1401,A,10,0,N/A
GEO,1401,B,10,0,N/A
GEO,1401,C,9,3,N/A
GEO,1401,D,10,0,N/A
GEO,1401,E,10,4,N/A
GEO,1401,F,10,1,N/A
GEO,1401,G,10,5,N/A
GEO,1401,J,10,8,N/A
GEO,1401,L,9,8,N/A
GEO,1401,M,10,9,N/A
GEO,1401,O,10,7,N/A
GEO,1401,P,10,10,N/A
GEO,1402,01,136,57,0
GEO,1402,A,12,0,N/A
GEO,1402,B,12,0,N/A
GEO,1402,C,12,0,N/A
GEO,1402,D,12,4,N/A
GEO,1402,E,12,1,N/A
GEO,1402,F,12,0,N/A
GEO,1402,G,12,1,N/A
GEO,1402,J,12,11,N/A
GEO,1405,02,75,27,0
GEO,1405,B,12,0,N/A
GEO,1405,C,12,8,N/A
GEO,1405,D,12,0,N/A
GEO,1405,E,12,1,N/A
GEO,1405,G,12,3,N/A
GEO,1405,W1,19,13,0
GEO,1405,WA,19,13,N/A
GEO,1V90,01,10,10,0
GEO,1V90,02,10,10,0
GEO,3442,01,15,3,0
GEO,3442,A,15,3,N/A
GEO,3V9R,01,5,4,0
GEO,3V9R,02,5,5,0
GEO,3V9R,03,5,5,0
GEO,4300,01,10,10,0
GEO,4300,02,10,9,0
GEO,4300,03,10,10,0
GEO,4302,01,10,10,0
GEO,4303,01,5,5,0
GEO,4323,01,10,7,0
GEO,4328,01,19,9,0
GEO,4328,A,19,9,N/A
GEO,4345,01,8,5,0
GEO,4388,01,10,1,0
GEO,4485,01,10,4,0
GEO,4485,A,6,3,N/A
GEO,4485,B,4,1,N/A
GEO,4V90,01,10,10,0
GEO,4V90,03,10,10,0
GEO,4V90,04,10,10,0
GEO,4V90,09,10,10,0
GEO,4V90,10,10,10,0
GEO,4V90,13,10,10,0
GEO,4V90,15,10,10,0
GEO,4V90,16,10,10,0
GEO,4V90,17,10,10,0
GEO,4V90,18,10,10,0
GEO,4V90,19,10,10,0
GEO,4V9R,01,5,5,0
GEO,4V9R,02,5,5,0
GEO,4V9R,03,5,4,0
GEO,4V9R,04,5,5,0
GEO,4V9R,05,5,5,0
GER,1301,01,19,10,0
GER,1301,02,19,6,0
GER,1301,A,19,8,N/A
GER,1301,B,19,8,N/A
GER,1302,01,12,8,0
GER,1302,02,12,1,0
GER,1302,03,12,1,0
GER,1302,A,19,7,N/A
GER,1302,B,19,5,N/A
GER,1302,C,0,0,N/A
GER,1412,01,12,10,0
GER,2310,01,26,7,0
GER,2310,A,12,4,N/A
GER,2310,C,12,1,N/A
GER,2320,01,12,10,0
GER,2412,01,12,9,0
GER,3302,01,12,2,0
GER,3311,01,12,8,0
GER,3341,01,25,0,0
GER,3V70,01,5,2,0
GER,3V70,02,0,0,0
GER,3V9R,01,0,0,0
GER,3V9R,02,0,0,0
GER,4305,01,12,10,0
GER,4V90,01,0,0,0
GER,4V90,02,0,0,0
GER,4V9R,01,0,0,0
GRT,3305,01,19,15,0
GRT,4395,01,4,0,0
GBL,1101,01,22,19,0
GBL,1103,01,22,19,0
GBL,1205,N1,19,11,0
GBL,1205,N2,28,28,0
GBL,1205,N3,30,30,0
GBL,1311,01,18,12,0
GBL,1331,01,16,13,0
GBL,1333,01,19,15,0
GTX,1302,01,18,14,0
GTX,2301,02,18,0,0
GTX,2301,03,18,0,0
GTX,2301,04,18,0,4
GTX,2301,05,18,0,1
GTX,2301,06,19,0,0
GTX,2301,07,18,14,0
GTX,2301,08,18,3,0
GTX,2301,09,18,0,2
GTX,2301,H1,19,0,0
GTX,2301,H2,18,0,1
GTX,2301,H3,18,1,0
GTX,2301,H4,18,3,4
GTX,2301,H5,18,6,0
GTX,2302,01,18,0,1
GTX,2302,02,18,3,0
GTX,2302,04,18,0,0
GTX,2302,U1,18,1,0
GTX,2302,U2,18,0,0
GTX,2302,U3,18,13,0
GTX,2302,U4,18,0,0
GTX,2302,U5,18,14,0
GTX,3321,02,9,0,1
GTX,3321,H2,9,3,0
GTX,3361,01,12,3,0
GTX,3361,H1,6,4,0
GTX,4321,02,8,2,0
GTX,4321,03,9,1,0
GTX,4321,H2,6,3,0
GTX,4321,H3,9,4,0
GTX,4331,01,12,0,0
GTX,4331,H1,6,0,0
GTX,4332,01,12,10,0
GTX,4332,H1,6,6,0
GTX,4340,01,12,6,0
GTX,4340,H1,6,2,0
GTX,4341,02,9,1,0
GTX,4341,H2,7,2,0
GTX,4351,01,12,4,0
GTX,4351,H1,6,4,0
GTX,4360,01,5,3,0
GTX,4V99,01,8,0,0
GTX,4V99,02,4,1,0
GTX,4V99,H1,5,4,0
GRK,1302,01,19,12,0
GRK,1302,H1,10,2,0
GRK,2320,02,10,1,0
GRK,4303,01,9,0,0
HED,1350,01,75,10,0
HED,1350,02,30,0,1
HED,2420,01,84,0,0
HED,2420,02,84,0,4
HED,2420,A,24,0,N/A
HED,2420,B,24,0,N/A
HED,2420,C,24,0,N/A
HED,2420,D,24,0,N/A
HED,2420,E,24,0,N/A
HED,2420,F,24,0,N/A
HED,2420,G,24,0,N/A
HED,2421,01,56,28,0
HED,2421,02,56,0,3
HED,2421,A,24,0,N/A
HED,2421,B,24,3,N/A
HED,2421,C,24,0,N/A
HED,2421,D,24,20,N/A
HED,2421,E,24,13,N/A
HED,3300,01,12,4,17
HED,3300,02,12,4,15
HED,3306,01,18,6,0
HED,3311,01,10,4,12
HED,3311,02,21,2,13
HED,4305,01,16,0,6
HEB,1302,01,11,3,0
HEB,1302,02,10,4,0
HEB,1302,03,10,4,0
HEB,2320,01,19,10,0
HIS,1300,01,29,0,8
HIS,1300,02,29,0,4
HIS,1300,03,29,0,0
HIS,1300,04,29,1,0
HIS,1300,05,29,0,0
HIS,1300,06,29,0,3
HIS,1300,07,29,0,19
HIS,1300,08,29,0,5
HIS,1300,09,29,0,10
HIS,1300,10,29,0,2
HIS,1300,11,29,4,0
HIS,1300,12,29,0,8
HIS,1300,13,29,1,2
HIS,1300,14,29,1,4
HIS,1300,15,29,0,1
HIS,1300,16,29,0,0
HIS,1300,17,29,0,4
HIS,1300,18,29,0,3
HIS,1300,19,29,0,6
HIS,1300,20,29,0,1
HIS,1300,21,29,0,1
HIS,1300,22,29,0,4
HIS,1300,23,29,5,0
HIS,1300,24,29,0,0
HIS,1300,25,29,0,0
HIS,1300,26,29,0,2
HIS,1300,27,29,25,0
HIS,1300,28,29,27,0
HIS,1300,29,29,0,0
HIS,1300,30,29,0,0
HIS,1300,31,29,23,0
HIS,1300,32,29,2,0
HIS,1300,33,29,0,14
HIS,1300,34,29,0,12
HIS,1300,35,22,0,6
HIS,1300,40,29,0,9
HIS,1300,41,29,0,6
HIS,1305,01,29,0,4
HIS,1307,01,29,0,6
HIS,1365,01,29,0,5
HIS,1366,01,29,1,0
HIS,1V9R,01,1,0,0
HIS,2390,01,29,14,0
HIS,2395,01,29,0,3
HIS,2V89,01,7,2,0
HIS,3301,01,1,1,0
HIS,3307,01,14,0,3
HIS,3312,01,19,0,3
HIS,3323,01,10,0,10
HIS,3342,01,19,0,8
HIS,3345,01,19,0,9
HIS,3352,01,19,1,0
HIS,3355,01,19,0,7
HIS,3373,01,21,1,11
HIS,3380,01,19,1,0
HIS,3389,01,19,0,15
HIS,3V9R,01,1,0,0
HIS,4319,01,15,8,0
HIS,4325,01,19,0,8
HIS,4333,01,19,0,7
HIS,4352,01,18,1,0
HIS,4378,01,19,1,0
HIS,4379,01,19,0,8
HIS,4398,01,1,0,0
HIS,4V89,01,7,4,0
HIS,4V9R,01,1,0,0
HP,1154,01,18,16,0
HP,1420,01,40,2,0
HP,1420,02,40,0,0
HP,1420,03,40,0,12
HP,1420,04,40,0,2
HP,1420,A,13,0,N/A
HP,1420,B,13,0,N/A
HP,1420,C,14,2,N/A
HP,1420,D,14,0,N/A
HP,1420,E,13,0,N/A
HP,1420,F,13,0,N/A
HP,1420,G,14,0,N/A
HP,1420,I,13,0,N/A
HP,1420,J,13,0,N/A
HP,1420,K,14,0,N/A
HP,1420,L,13,0,N/A
HP,1420,M,13,0,N/A
HP,1421,01,21,0,1
HP,1421,A,21,0,N/A
HP,2102,01,12,6,0
HP,2304,01,18,3,0
HP,2306,01,20,6,0
HP,2306,02,20,1,12
HP,2306,03,20,0,8
HP,2306,04,20,0,16
HP,2306,05,20,0,1
HP,2307,01,10,0,3
HP,2307,02,10,0,8
HP,2341,01,8,10,18
HP,2420,01,25,6,0
HP,2420,02,32,2,1
HP,2420,03,32,0,12
HP,2420,04,27,0,0
HP,2420,A,14,0,N/A
HP,2420,B,14,0,N/A
HP,2420,C,14,0,N/A
HP,2420,D,14,0,N/A
HP,2420,E,14,0,N/A
HP,2420,F,14,0,N/A
HP,2420,G,14,1,N/A
HP,2420,I,15,4,N/A
HP,3136,01,15,7,0
HP,3301,01,7,1,9
HP,3311,01,0,2,11
HP,3311,02,15,3,6
HP,3320,01,24,14,0
HP,3330,01,33,2,0
HP,3346,01,7,6,13
HP,3381,01,11,4,6
HP,3382,01,10,8,14
HP,3V50,01,0,0,0
HP,3V9R,01,4,4,0
HP,3V9R,02,5,4,0
HP,4301,01,15,9,0
HP,4368,01,3,11,32
HP,4369,01,5,15,30
HP,4375,01,15,4,0
HP,4393,01,3,7,15
HP,4396,01,19,1,0
HP,4471,01,15,5,0
HP,4V79,01,6,1,0
HP,4V79,02,11,7,0
HP,4V79,03,14,5,0
HSD,1104,01,19,0,0
HSD,1104,N1,27,4,0
HSD,1231,01,12,1,0
HSD,1231,02,12,3,0
ID,2090,01,37,3,0
ID,2314,01,14,1,2
ID,2314,02,14,0,0
ID,2314,03,14,5,0
ID,2317,01,14,2,0
ID,2317,02,14,1,0
ID,2317,03,14,2,1
ID,2318,01,17,0,0
ID,2318,02,18,2,0
ID,2320,01,38,4,0
ID,2350,01,38,1,0
ID,2395,01,15,20,0
ID,3322,01,10,2,0
ID,3322,02,10,0,0
ID,3426,01,17,1,0
ID,3426,02,17,1,0
ID,4326,01,35,3,0
ID,4433,01,11,0,0
ID,4433,02,11,0,0
INB,3305,01,18,0,0
INB,3305,02,18,0,0
INB,3333,01,22,7,0
INB,3333,02,22,0,6
INB,4333,01,5,0,0
INB,4345,01,21,10,0
INB,4398,01,0,0,1
INB,4398,02,0,0,0
INB,4398,03,0,0,0
INB,4V98,01,30,25,0
INB,4V98,02,0,0,0
INB,4V98,03,0,0,0
ITA,1302,01,19,0,0
ITA,1302,02,19,0,0
ITA,1302,03,19,0,3
ITA,1302,04,19,14,0
ITA,1302,05,0,0,0
ITA,1302,A,19,0,N/A
ITA,1302,B,19,11,N/A
ITA,1302,C,19,2,N/A
ITA,1302,D,19,5,N/A
ITA,1302,E,0,0,N/A
ITA,2320,01,18,11,0
ITA,2320,02,0,0,0
ITA,3330,01,19,14,0
ITA,3V70,01,0,1,0
ITA,3V70,02,1,0,0
ITA,3V9R,01,0,0,0
ITA,4V9R,01,0,0,0
JPN,1302,01,15,5,0
JPN,1302,02,15,11,0
JPN,1302,03,15,0,0
JPN,1302,A,15,9,N/A
JPN,1302,B,15,3,N/A
JPN,1302,C,15,4,N/A
JPN,2320,01,10,0,0
JPN,2320,02,10,6,0
JPN,3302,01,10,6,0
JPN,3306,01,10,1,0
JPN,3V70,01,3,3,0
JPN,3V70,02,3,1,0
JPN,3V9R,01,19,19,0
JPN,4V90,01,2,2,0
JPN,4V90,02,0,0,0
JPN,4V9R,01,19,19,0
JOU,1303,01,100,78,0
JOU,1303,02,150,45,0
JOU,1303,03,20,0,1
JOU,1303,H1,5,5,0
JOU,1303,W1,15,13,0
JOU,2301,01,15,0,0
JOU,2303,01,12,5,0
JOU,2303,02,12,2,0
JOU,2303,03,15,8,0
JOU,2303,04,15,8,0
JOU,2V9R,01,5,5,0
JOU,3315,01,10,4,0
JOU,3320,01,5,2,0
JOU,3320,02,5,5,0
JOU,3321,01,12,0,1
JOU,3321,02,0,0,0
JOU,3325,01,13,0,0
JOU,3325,02,12,0,0
JOU,3325,03,13,1,1
JOU,3325,04,13,0,0
JOU,3325,05,12,0,0
JOU,3355,01,15,8,0
JOU,3355,02,15,1,0
JOU,3355,03,15,0,0
JOU,3356,01,15,0,1
JOU,3357,01,15,5,0
JOU,3367,01,20,0,2
JOU,3367,02,18,0,0
JOU,3369,01,15,0,4
JOU,3372,01,12,0,2
JOU,3372,02,15,0,0
JOU,3372,03,15,0,2
JOU,3372,04,12,0,2
JOU,3372,05,12,0,0
JOU,3372,06,12,0,0
JOU,3372,07,15,0,0
JOU,3372,08,15,8,0
JOU,3372,09,15,0,0
JOU,3372,10,15,8,0
JOU,3372,11,15,0,8
JOU,3372,12,15,0,8
JOU,3372,13,12,0,5
JOU,3374,01,15,0,8
JOU,3375,01,15,8,0
JOU,3385,01,15,0,2
JOU,3389,01,12,0,6
JOU,3391,80,12,12,0
JOU,3391,81,5,3,0
JOU,3392,80,10,10,0
JOU,3392,81,5,5,0
JOU,3394,80,10,10,0
JOU,3395,80,10,8,0
JOU,3395,81,5,4,0
JOU,4305,01,10,0,9
JOU,4320,01,19,5,0
JOU,4325,01,12,0,2
JOU,4340,01,15,0,3
JOU,4359,01,19,0,2
JOU,4368,01,18,1,1
JOU,4371,01,18,2,0
JOU,4371,02,18,0,0
JOU,4380,01,18,4,0
JOU,4380,02,18,0,2
JOU,4380,03,18,0,0
JOU,4V95,01,0,2,0
JOU,4V95,02,5,5,0
JOU,4V95,03,5,5,0
JOU,4V95,04,5,5,0
JOU,4V95,81,5,2,0
KOR,1302,01,19,10,0
KOR,1302,02,19,0,0
KOR,1302,A,19,3,N/A
KOR,1302,B,19,7,N/A
KOR,2320,01,19,11,0
LAT,1301,01,15,0,1
LAT,1301,02,16,0,0
LAT,1302,01,15,0,1
LAT,1302,02,15,0,2
LAT,1302,03,15,2,0
LAT,1302,H1,19,9,0
LAT,2105,01,10,6,0
LAT,2320,01,15,2,0
LAT,2320,02,15,2,0
LAT,3302,01,10,1,0
LAT,3308,01,12,6,0
LAS,2V89,01,10,6,0
LAS,2V89,02,5,5,0
LAS,3390,01,2,1,0
LAS,3390,02,0,0,0
LAS,4364,01,10,7,0
LAS,4390,01,2,2,0
LAS,4V89,01,5,5,0
LAS,4V89,02,1,1,0
LDS,1301,01,18,0,2
LDS,1301,02,19,0,2
LDS,1301,03,18,0,3
LDS,1301,04,19,0,2
LDS,2301,01,19,1,0
LDS,2301,02,15,12,0
LDS,3301,01,22,0,1
LDS,3307,01,0,0,3
LDS,3307,02,0,0,2
LDS,3307,03,0,0,2
LDS,3307,04,0,0,1
LDS,3V01,01,0,10,0
LDS,3V01,02,0,0,0
LDS,3V01,03,0,0,0
LDS,3V01,04,0,0,1
LDS,3V01,05,0,0,0
LDS,3V01,06,0,0,0
LDS,3V01,07,0,0,0
LDS,3V01,08,0,0,0
LDS,3V01,09,0,0,0
LDS,3V01,10,0,0,0
LDS,3V01,12,0,0,0
LDS,3V01,14,16,16,0
LDS,4398,02,19,4,0
LS,3305,01,22,3,0
LS,3305,02,22,1,0
LS,3305,03,22,2,0
LS,4320,01,19,6,0
LF,1104,01,0,0,0
LF,1106,01,19,14,0
LF,1106,02,19,0,0
LF,1110,01,19,2,10
LF,1110,02,19,1,8
LF,1110,03,19,0,5
LF,1111,01,15,0,1
LF,1111,03,15,6,0
LF,1111,04,15,3,0
LF,1111,05,15,6,0
LF,1111,06,15,2,0
LF,1111,07,15,5,0
LF,1111,08,15,4,0
LF,1112,01,16,0,1
LF,1112,02,15,0,0
LF,1112,03,15,0,1
LF,1112,04,10,0,0
LF,1117,01,18,0,11
LF,1117,02,19,0,11
LF,1121,01,15,0,0
LF,1123,01,15,1,0
LF,1123,02,15,4,0
LF,1123,03,15,10,0
LF,1123,04,15,13,0
LF,1124,01,13,0,6
LF,1124,02,13,0,9
LF,1124,03,13,0,13
LF,1124,04,13,0,13
LF,1124,05,13,0,12
LF,1124,06,13,0,11
LF,1129,01,19,15,0
LF,1129,02,10,5,0
LF,1129,03,10,8,0
LF,1129,04,19,18,0
LF,1129,05,49,45,0
LF,1129,06,8,8,0
LF,1129,07,8,8,0
LF,1129,09,8,7,0
LF,1129,10,8,8,0
LF,1129,11,24,12,0
LF,1129,12,10,5,0
LF,1129,13,30,17,0
LF,1129,14,15,15,0
LF,1129,15,15,12,0
LF,1129,16,30,25,0
LF,1131,01,19,0,5
LF,1131,02,19,0,5
LF,1134,01,19,1,0
LF,1134,02,20,7,0
LF,1134,03,20,8,0
LF,1134,04,20,0,0
LF,1134,05,20,0,0
LF,1134,06,20,10,0
LF,1134,07,19,0,0
LF,1134,08,19,7,0
LF,1134,09,19,6,0
LF,1134,10,19,1,0
LF,1134,11,19,7,0
LF,1138,01,13,0,3
LF,1138,02,13,0,2
LF,1138,03,13,0,6
LF,1138,04,13,0,4
LF,1138,05,16,0,6
LF,1138,06,16,0,13
LF,1138,07,16,0,6
LF,1138,08,13,0,4
LF,1138,09,13,0,6
LF,1138,10,16,0,8
LF,1138,11,16,0,5
LF,1138,12,13,0,8
LF,1139,01,17,0,4
LF,1139,02,8,0,6
LF,1140,01,16,0,4
LF,1140,02,10,0,3
LF,1147,01,19,0,5
LF,1148,01,19,0,9
LF,1151,02,18,1,3
LF,1156,01,13,0,0
LF,1156,02,13,0,1
LF,1156,03,14,1,3
LF,1156,04,14,0,0
LF,1156,05,14,0,0
LF,1156,06,13,0,2
LF,1156,07,14,0,1
LF,1156,08,13,0,2
LF,1160,01,16,0,4
LF,1160,02,16,0,10
LF,1160,03,16,0,8
LF,1160,04,0,0,0
LF,1161,01,16,0,0
LF,1163,01,18,0,8
LF,1168,01,22,2,0
LF,1168,02,22,0,0
LF,1168,03,22,0,0
LF,1168,04,22,0,2
LF,1171,01,22,0,0
LF,1171,02,22,1,0
LF,1171,03,22,1,0
LF,1181,01,14,3,0
LF,1181,02,14,2,0
LF,1181,03,14,0,1
LF,1181,04,16,0,0
LF,1181,05,16,0,1
LF,1181,06,16,0,1
LF,1181,07,16,0,4
LF,1181,08,16,0,0
LF,1181,09,16,0,0
LF,1181,10,20,0,7
LF,1181,11,18,0,1
LF,1181,12,18,0,0
LF,1181,13,18,0,3
LF,1181,14,18,0,6
LF,1181,15,18,0,2
LF,1181,16,18,0,4
LF,1182,01,18,0,3
LF,1182,02,18,7,0
LF,1182,03,18,3,0
LF,1182,04,18,0,3
LF,1183,01,18,0,4
LF,1189,01,24,9,0
LF,1189,02,24,0,2
LF,1189,03,24,1,3
LF,1189,04,24,0,3
LF,1189,05,24,0,7
LF,1190,01,24,0,1
LF,1192,01,18,0,0
LF,1192,02,19,13,0
LF,1192,03,19,0,1
LF,1194,02,19,0,0
LF,1194,03,19,0,1
LF,1194,04,19,0,4
LF,1194,05,19,0,0
LF,1194,06,19,0,2
LF,1194,07,19,0,5
LF,1195,01,19,2,0
LF,1195,02,19,0,0
LF,1195,03,19,0,1
LF,1197,01,19,0,18
LF,1197,03,19,0,18
LF,1197,04,19,0,21
LF,1197,05,19,0,18
LF,1197,06,19,0,15
LF,1197,07,19,0,10
LF,1197,08,19,0,13
LF,1198,01,19,3,0
LF,1199,01,12,7,0
LING,1305,01,22,0,0
LING,1305,W1,14,8,0
LING,3310,01,4,0,1
LING,3312,02,4,1,0
LING,4302,01,16,6,0
LING,4305,01,16,5,0
LING,4311,01,11,1,0
LING,4319,01,8,0,0
LING,4V20,01,0,0,0
LING,4V20,02,1,1,0
MGT,3301,01,68,0,8
MGT,3301,02,68,0,13
MGT,3305,01,36,0,4
MGT,3305,02,40,0,12
MGT,3305,03,40,0,10
MGT,3305,04,40,0,11
MGT,3305,05,40,0,13
MGT,3305,06,40,0,16
MGT,3305,07,36,21,0
MGT,3305,08,30,0,6
MGT,3305,09,36,0,4
MGT,3305,10,40,0,27
MGT,3305,11,40,0,4
MGT,3305,13,40,0,0
MGT,3320,01,20,0,3
MGT,3320,02,20,6,0
MGT,3325,01,36,0,1
MGT,3325,02,40,0,8
MGT,3325,03,36,0,5
MGT,3325,04,40,0,1
MGT,3325,05,40,0,1
MGT,3325,06,40,0,10
MGT,3325,07,40,0,5
MGT,3325,08,40,0,9
MGT,3325,09,40,0,2
MGT,3325,10,40,0,9
MGT,3325,11,36,0,4
MGT,3325,12,40,0,5
MGT,3333,01,22,0,1
MGT,3333,02,22,0,0
MGT,3335,01,18,0,0
MGT,3335,02,18,0,2
MGT,4305,01,20,0,8
MGT,4305,02,20,1,10
MGT,4305,03,20,0,7
MGT,4305,04,24,0,0
MGT,4320,01,24,0,2
MGT,4320,02,24,0,2
MGT,4320,03,24,0,0
MGT,4320,04,24,0,1
MGT,4320,05,16,0,11
MGT,4320,06,16,1,7
MGT,4320,07,0,3,0
MGT,4330,01,30,0,18
MGT,4330,02,30,0,9
MGT,4330,03,30,17,0
MGT,4330,04,20,8,3
MGT,4332,01,10,1,0
MGT,4336,01,32,0,12
MGT,4336,02,30,0,9
MGT,4339,01,24,0,0
MGT,4345,01,22,1,0
MGT,4345,02,24,0,1
MGT,4355,01,24,5,0
MGT,4355,02,24,7,0
MGT,4395,01,40,38,0
MGT,4396,01,40,40,0
MGT,4V99,01,20,6,0
MGT,4V9R,01,1,1,N/A
MGT,4V9R,02,1,0,N/A
MGT,4V9R,03,1,0,N/A
MGT,4V9R,04,1,1,N/A
MGT,4V9R,05,3,0,N/A
MGT,4V9R,06,1,1,N/A
MIS,3301,01,18,0,0
MIS,3301,02,17,1,2
MIS,3301,03,17,0,0
MIS,3301,04,17,6,0
MIS,3305,01,40,0,2
MIS,3305,02,40,0,2
MIS,3305,03,40,0,5
MIS,3305,04,40,0,14
MIS,3305,06,40,1,0
MIS,3305,07,40,2,0
MIS,3305,08,40,0,2
MIS,3305,09,40,0,2
MIS,3305,12,40,12,0
MIS,3305,13,40,0,16
MIS,3305,14,40,0,7
MIS,3305,15,40,19,0
MIS,3320,01,27,0,0
MIS,3320,02,27,0,2
MIS,3320,03,27,1,0
MIS,4319,01,17,1,0
MIS,4319,02,17,0,0
MIS,4322,01,28,3,0
MIS,4322,02,28,0,0
MIS,4322,03,29,0,0
MIS,4330,01,9,1,6
MIS,4330,02,7,1,0
MIS,4330,03,10,9,0
MIS,4330,04,10,2,0
MIS,4331,01,3,2,0
MIS,4340,01,42,1,0
MIS,4340,02,42,2,0
MIS,4342,01,28,5,0
MIS,4342,02,28,0,0
MIS,4342,03,32,1,0
MIS,4344,01,20,6,0
MIS,4344,02,20,0,0
MIS,4350,01,15,13,0
MIS,4360,01,40,0,9
MIS,4395,84,0,0,0
MIS,4V98,02,0,1,0
MIS,4V98,03,0,0,0
MIS,4V98,04,0,0,0
MKT,3301,01,45,0,0
MKT,3301,02,45,0,0
MKT,3301,03,45,0,0
MKT,3301,09,45,3,0
MKT,3301,10,40,12,0
MKT,3305,01,50,0,1
MKT,3305,02,50,0,4
MKT,3305,03,50,0,0
MKT,3305,04,40,12,0
MKT,3305,05,40,0,2
MKT,3305,06,40,0,0
MKT,3305,07,40,0,0
MKT,3305,08,40,0,0
MKT,3305,09,40,0,1
MKT,3305,14,40,0,6
MKT,3305,16,40,0,0
MKT,3310,01,20,18,0
MKT,3310,02,20,5,0
MKT,3310,03,20,0,0
MKT,3310,W1,15,4,0
MKT,3320,01,20,0,1
MKT,3320,02,24,12,0
MKT,3320,04,24,17,0
MKT,3320,05,23,0,1
MKT,3320,06,21,0,0
MKT,3325,01,20,0,3
MKT,3325,02,20,0,5
MKT,3325,03,20,6,0
MKT,3325,04,19,0,5
MKT,3325,05,18,0,6
MKT,3330,01,30,0,0
MKT,3330,02,30,0,7
MKT,3330,03,24,6,0
MKT,3330,04,24,16,0
MKT,3330,06,30,0,15
MKT,3330,07,24,8,0
MKT,4311,01,20,2,0
MKT,4311,02,20,6,0
MKT,4311,03,19,0,0
MKT,4320,02,24,0,0
MKT,4320,03,24,0,1
MKT,4321,01,22,8,0
MKT,4330,01,24,12,0
MKT,4330,02,25,0,0
MKT,4330,03,24,7,0
MKT,4330,04,28,0,4
MKT,4330,06,28,2,7
MKT,4330,08,28,0,5
MKT,4330,09,28,0,4
MKT,4341,01,0,13,2
MKT,4341,02,0,15,4
MKT,4350,01,24,14,0
MKT,4350,02,24,1,0
MKT,4350,05,24,0,0
MKT,4350,06,24,13,0
MKT,4360,01,0,21,0
MKT,4360,03,28,0,12
MKT,4395,01,1,1,0
MKT,4396,01,0,4,0
MKT,4399,01,1,1,0
MKT,4V98,01,0,0,0
MKT,4V98,02,0,0,0
MKT,4V9R,01,2,2,0
MKT,4V9R,02,1,1,0
MKT,4V9R,03,3,3,0
MKT,4V9R,04,1,1,0
MTH,1109,01,14,1,0
MTH,1109,02,12,6,0
MTH,1109,03,19,18,0
MTH,1109,04,19,16,0
MTH,1121,01,19,12,0
MTH,1121,02,19,16,0
MTH,1220,01,28,25,0
MTH,1301,01,21,0,1
MTH,1301,02,21,0,0
MTH,1301,03,19,0,0
MTH,1301,04,22,14,0
MTH,1301,W1,30,13,0
MTH,1308,01,0,1,0
MTH,1308,02,19,0,0
MTH,1308,03,19,0,0
MTH,1308,04,19,12,0
MTH,1308,06,19,0,0
MTH,1308,07,19,12,0
MTH,1309,01,19,0,0
MTH,1309,02,21,4,0
MTH,1309,03,20,0,0
MTH,1309,04,23,0,4
MTH,1309,05,22,0,0
MTH,1309,07,21,0,0
MTH,1309,08,21,0,0
MTH,1309,10,19,0,0
MTH,1309,12,27,0,8
MTH,1309,13,24,0,0
MTH,1309,15,27,0,11
MTH,1309,16,24,1,0
MTH,1309,18,21,0,0
MTH,1309,20,0,0,0
MTH,1315,01,19,6,0
MTH,1316,01,14,1,0
MTH,1316,02,15,0,0
MTH,1316,03,16,0,0
MTH,1320,02,19,0,0
MTH,1320,03,19,10,0
MTH,1320,05,19,0,1
MTH,1320,07,19,13,0
MTH,1320,08,19,0,2
MTH,1321,01,19,0,0
MTH,1321,02,21,0,0
MTH,1321,03,21,0,3
MTH,1321,04,26,0,5
MTH,1321,05,26,1,5
MTH,1321,06,19,2,0
MTH,1321,07,19,13,0
MTH,1321,08,19,4,0
MTH,1321,10,19,1,0
MTH,1321,100,22,0,0
MTH,1321,11,19,15,0
MTH,1321,12,20,0,0
MTH,1321,18,0,0,0
MTH,1321,98,19,0,3
MTH,1322,01,30,3,0
MTH,1322,02,30,3,0
MTH,1322,03,30,9,0
MTH,1322,04,31,0,0
MTH,1322,07,30,0,9
MTH,1322,08,30,0,1
MTH,1322,09,24,0,2
MTH,1322,10,24,0,1
MTH,2311,01,26,0,0
MTH,2311,02,24,0,0
MTH,2311,03,25,8,0
MTH,2311,05,25,0,5
MTH,2311,06,24,0,4
MTH,2317,01,19,13,0
MTH,2321,01,25,3,0
MTH,2321,02,25,3,0
MTH,2321,03,25,0,0
MTH,2321,04,28,0,1
MTH,3300,01,19,4,5
MTH,3300,02,19,13,0
MTH,3312,01,29,11,0
MTH,3318,01,35,27,0
MTH,3323,01,29,15,0
MTH,3325,02,19,6,7
MTH,3325,03,19,5,6
MTH,3325,04,21,0,0
MTH,3325,05,19,12,0
MTH,3325,06,19,0,11
MTH,3326,01,25,5,0
MTH,3345,01,12,5,0
MTH,3374,01,19,5,0
MTH,3V9R,01,1,0,0
MTH,4312,01,39,1,1
MTH,4314,01,15,2,0
MTH,4324,01,25,3,0
MTH,4327,01,19,6,0
MTH,4328,01,19,10,0
MTH,4329,01,29,1,0
MTH,4V90,01,2,1,0
MTH,4V9R,01,1,0,0
MTH,4V9R,02,2,1,0
ME,2320,01,19,10,0
ME,2321,01,25,0,2
ME,2321,02,22,0,11
ME,2321,03,25,15,0
ME,2345,01,28,1,0
ME,2345,02,25,2,0
ME,3122,01,15,5,0
ME,3122,02,15,1,2
ME,3145,01,17,2,0
ME,3145,02,17,1,4
ME,3320,01,29,0,5
ME,3321,01,30,12,0
ME,3321,02,30,1,0
ME,3322,01,21,0,5
ME,3322,02,21,0,0
ME,3322,03,21,6,0
ME,3323,01,41,0,0
ME,3345,01,39,21,0
ME,3420,01,45,8,0
ME,3420,A,15,1,N/A
ME,3420,B,15,7,N/A
ME,3420,C,15,0,N/A
ME,4305,01,26,0,0
ME,4323,01,25,21,0
ME,4325,01,20,5,0
ME,4327,01,42,10,0
ME,4344,01,9,5,0
ME,4345,01,32,1,1
ME,4350,01,19,7,0
ME,4356,01,25,0,0
ME,4364,01,15,1,0
ME,4396,02,20,12,0
ME,4V97,01,0,0,0
ME,4V97,02,1,1,0
ME,4V97,03,1,1,0
ME,4V97,04,1,1,0
ME,4V97,05,0,0,0
ME,4V97,06,0,0,0
MH,1331,01,19,0,3
MH,1331,02,19,2,0
MH,1331,04,19,0,0
MH,1331,05,19,11,0
MH,2301,01,24,0,0
MH,2301,03,19,1,0
MH,3300,01,18,0,7
MH,3321,01,18,14,0
MH,3342,01,22,11,0
MH,4300,01,12,0,4
MH,4300,02,12,0,4
MH,4300,H1,6,1,0
MH,4300,H2,6,2,0
MH,4351,01,12,1,0
MH,4361,01,12,0,3
MH,4372,03,19,1,0
MH,4377,01,12,10,0
MH,4382,01,12,0,0
MH,4387,01,12,9,0
MH,4391,01,19,13,0
MH,4396,01,24,2,0
MH,4V98,05,19,7,0
MH,4V98,06,5,3,0
MH,4V98,H1,5,1,0
MH,4V98,H2,5,5,0
MES,2301,01,19,5,0
MES,2301,02,19,7,N/A
MES,2301,H1,1,0,0
MES,4V01,01,1,0,0
MILS,1102,01,30,27,0
MILS,1102,02,19,1,0
MILS,1102,03,1,1,0
MILS,1112,01,50,29,0
MILS,2112,02,50,32,0
MILS,2202,01,30,12,0
MILS,2202,02,19,19,0
MILS,2202,03,1,0,0
MILS,3112,01,50,27,0
MILS,3302,01,30,7,0
MILS,4112,01,50,32,0
MILS,4302,01,30,12,0
MILS,4V03,01,15,15,0
MLC,1V99,04,0,0,0
MLC,1V99,05,0,1,0
MLC,1V99,07,0,0,0
MLC,1V99,08,0,0,0
MLC,2V99,04,0,0,0
MLC,2V99,05,0,0,0
MLC,2V99,06,0,0,0
MLC,2V99,07,0,0,0
MLC,3V99,02,2,2,0
MST,1300,01,19,0,1
MST,1300,02,19,0,0
MST,1300,03,19,0,0
MST,1300,04,19,1,0
MST,1300,05,19,4,0
MST,2311,01,12,1,0
MST,3303,01,10,0,1
MST,3304,01,15,4,0
MST,4301,01,19,10,0
MST,4330,01,10,0,0
MST,4331,01,10,0,0
MST,4V60,01,3,3,0
MST,4V70,01,1,1,0
MST,4V70,02,1,0,0
MUS,1001,01,300,148,0
MUS,1002,01,10,9,0
MUS,1004,01,150,99,0
MUS,1007,01,40,25,0
MUS,1101,01,14,11,0
MUS,1101,02,12,2,0
MUS,1102,01,12,7,0
MUS,1102,02,12,0,2
MUS,1102,03,14,0,4
MUS,1102,04,12,4,0
MUS,1108,01,10,8,0
MUS,1108,02,10,10,0
MUS,1111,01,19,4,0
MUS,1115,01,19,0,0
MUS,1119,01,19,10,0
MUS,1121,01,19,13,0
MUS,1124,01,8,6,0
MUS,1125,01,10,0,2
MUS,1125,02,10,0,2
MUS,1125,03,10,7,0
MUS,1131,01,10,7,0
MUS,1132,01,10,2,0
MUS,1132,02,10,1,0
MUS,1132,03,10,5,0
MUS,1132,04,10,4,0
MUS,1133,01,10,6,0
MUS,1152,01,15,12,0
MUS,1152,02,15,0,1
MUS,1162,01,19,14,0
MUS,1172,01,19,17,0
MUS,1182,01,19,16,0
MUS,1192,01,19,14,0
MUS,11B1,01,10,9,0
MUS,11B2,01,10,6,0
MUS,11B3,01,10,10,0
MUS,11B4,01,10,10,0
MUS,11B5,01,10,9,0
MUS,11B6,01,4,2,0
MUS,11H1,01,1,1,0
MUS,11K1,01,27,7,0
MUS,11K1,03,0,2,1
MUS,11K1,04,0,1,0
MUS,11K1,05,0,0,0
MUS,11K1,06,0,0,0
MUS,11K1,07,0,0,3
MUS,11K1,08,0,0,0
MUS,11K1,09,0,0,0
MUS,11K1,10,5,2,0
MUS,11K1,11,0,0,1
MUS,11K2,01,10,0,0
MUS,11K3,01,4,0,0
MUS,11K4,01,2,2,0
MUS,11K5,01,30,0,4
MUS,11K5,02,0,0,0
MUS,11K5,03,0,0,0
MUS,11K5,04,0,0,0
MUS,11K5,05,0,0,2
MUS,11K5,06,0,0,0
MUS,11K5,09,0,0,0
MUS,11P1,01,5,3,0
MUS,11P1,02,1,1,0
MUS,11P1,03,2,2,0
MUS,11S1,01,5,2,0
MUS,11S1,02,5,3,0
MUS,11S2,01,5,5,0
MUS,11S3,01,5,2,0
MUS,11S4,01,5,4,0
MUS,11V1,01,25,20,0
MUS,11V1,05,2,0,0
MUS,11V1,06,7,7,0
MUS,11V1,08,1,1,0
MUS,11V1,09,5,0,0
MUS,11V1,10,6,4,0
MUS,11V1,11,8,8,0
MUS,11W1,01,10,10,0
MUS,11W2,01,10,10,0
MUS,11W3,01,10,10,0
MUS,11W3,02,0,0,0
MUS,11W3,03,19,19,0
MUS,11W4,01,10,10,0
MUS,11W5,01,10,9,0
MUS,11W5,02,1,1,0
MUS,1202,01,15,6,0
MUS,1202,02,15,8,0
MUS,1202,03,15,8,0
MUS,12B1,01,25,16,0
MUS,12B2,01,15,12,0
MUS,12B3,01,15,13,0
MUS,12B4,01,15,13,0
MUS,12B5,01,15,11,0
MUS,12H1,01,5,5,0
MUS,12K1,01,8,8,0
MUS,12K1,03,8,7,0
MUS,12K1,04,8,8,0
MUS,12K1,05,8,8,0
MUS,12K1,08,8,8,0
MUS,12K1,09,8,5,0
MUS,12K2,01,8,5,0
MUS,12P1,01,15,12,0
MUS,12P1,02,3,2,0
MUS,12S1,01,15,12,0
MUS,12S1,02,15,11,0
MUS,12S2,01,12,9,0
MUS,12S3,01,10,6,0
MUS,12S4,01,6,6,0
MUS,12V1,01,10,5,0
MUS,12V1,02,10,3,0
MUS,12V1,03,10,6,0
MUS,12V1,04,10,6,0
MUS,12V1,05,10,5,0
MUS,12V1,08,10,4,0
MUS,12V1,09,10,8,0
MUS,12W1,01,15,12,0
MUS,12W2,01,15,12,0
MUS,12W3,01,19,15,0
MUS,12W3,02,1,1,0
MUS,12W4,01,15,13,0
MUS,12W5,01,15,8,0
MUS,12W5,02,4,3,0
MUS,1301,01,15,4,0
MUS,1302,01,15,0,3
MUS,1302,02,15,0,4
MUS,1302,03,15,8,0
MUS,1302,H1,5,1,0
MUS,1321,01,60,22,0
MUS,1321,02,60,9,0
MUS,1321,03,60,11,0
MUS,1321,04,25,0,1
MUS,1321,H4,5,3,0
MUS,1330,01,14,2,0
MUS,1331,01,12,2,0
MUS,1331,02,6,0,0
MUS,13K1,01,15,15,0
MUS,13K1,04,5,1,0
MUS,13K1,05,0,0,0
MUS,13K1,08,0,0,0
MUS,13K1,09,1,1,0
MUS,13K1,3,0,0,1
MUS,13K1,6,0,0,0
MUS,14K2,01,4,4,0
MUS,2101,01,10,4,0
MUS,2101,02,10,5,0
MUS,2102,01,10,0,2
MUS,2102,02,10,0,1
MUS,2102,03,10,1,0
MUS,2102,04,10,3,0
MUS,2202,01,10,0,0
MUS,2208,01,5,3,0
MUS,2208,02,5,2,0
MUS,2260,01,15,6,0
MUS,2260,02,15,0,0
MUS,2301,01,15,10,0
MUS,2302,01,15,0,6
MUS,2302,02,15,1,0
MUS,2302,03,15,3,0
MUS,2302,H2,5,5,0
MUS,3001,01,15,15,0
MUS,3153,01,5,5,0
MUS,3170,01,19,8,0
MUS,3207,01,10,6,0
MUS,3207,02,10,10,0
MUS,3232,01,19,13,0
MUS,3236,01,19,14,0
MUS,3236,02,10,9,0
MUS,3260,01,19,9,0
MUS,3261,01,16,7,0
MUS,32B1,01,10,8,0
MUS,32B2,01,10,9,0
MUS,32B3,01,10,10,0
MUS,32B4,01,10,9,0
MUS,32B5,01,10,10,0
MUS,32H1,01,5,5,0
MUS,32K1,01,5,5,0
MUS,32K1,04,5,4,0
MUS,32K1,05,5,5,0
MUS,32K1,07,0,0,0
MUS,32K1,08,5,5,0
MUS,32K1,09,1,1,0
MUS,32K2,01,5,4,0
MUS,32P1,01,10,9,0
MUS,32P1,02,2,2,0
MUS,32P1,03,1,1,0
MUS,32S1,01,10,8,0
MUS,32S1,02,10,9,0
MUS,32S2,01,10,8,0
MUS,32S3,01,10,8,0
MUS,32S4,01,6,6,0
MUS,32V1,01,10,7,0
MUS,32V1,02,10,8,0
MUS,32V1,03,10,4,0
MUS,32V1,04,10,8,0
MUS,32V1,05,10,6,0
MUS,32V1,08,10,8,0
MUS,32W1,01,6,5,0
MUS,32W2,01,8,8,0
MUS,32W3,01,10,7,0
MUS,32W3,02,2,2,0
MUS,32W4,01,10,7,0
MUS,32W5,01,10,8,0
MUS,32W5,02,3,3,0
MUS,3301,01,15,7,0
MUS,3301,02,15,0,3
MUS,3308,01,10,7,0
MUS,3308,02,10,10,0
MUS,3308,03,1,1,0
MUS,3310,01,10,1,0
MUS,3321,01,20,0,0
MUS,3321,02,10,0,0
MUS,3322,01,19,0,1
MUS,3324,01,35,16,0
MUS,3325,01,35,5,0
MUS,3326,01,35,7,0
MUS,3327,01,35,0,0
MUS,3331,01,10,0,1
MUS,3337,01,5,2,0
MUS,3370,01,19,6,0
MUS,33K1,01,5,5,0
MUS,33K1,04,5,3,0
MUS,33K1,06,5,5,0
MUS,33K1,08,5,5,0
MUS,33K1,09,1,1,0
MUS,33K1,3,0,0,0
MUS,34B1,01,5,3,0
MUS,34B2,01,5,3,0
MUS,34B3,01,5,0,0
MUS,34B4,01,5,5,0
MUS,34B5,01,5,4,0
MUS,34H1,01,5,5,0
MUS,34K1,01,5,5,0
MUS,34K1,04,5,3,0
MUS,34K1,08,0,0,1
MUS,34K1,09,5,0,0
MUS,34K1,3,0,0,0
MUS,34K1,6,0,0,1
MUS,34K2,01,5,4,0
MUS,34P1,01,5,2,0
MUS,34P1,02,0,0,0
MUS,34S1,01,5,2,0
MUS,34S1,02,5,3,0
MUS,34S2,01,5,3,0
MUS,34S3,01,5,4,0
MUS,34S4,01,5,2,0
MUS,34W1,01,5,4,0
MUS,34W2,01,5,3,0
MUS,34W3,01,5,3,0
MUS,34W4,01,5,5,0
MUS,34W5,01,5,4,0
MUS,34W5,02,1,0,0
MUS,4001,01,19,15,0
MUS,40B1,01,10,10,0
MUS,40B2,01,10,10,0
MUS,40B3,01,10,7,0
MUS,40B4,01,10,10,0
MUS,40B5,01,10,9,0
MUS,40C1,01,10,10,0
MUS,40H1,01,5,5,0
MUS,40K1,04,5,4,0
MUS,40K1,07,0,0,0
MUS,40K1,08,5,3,0
MUS,40K1,09,5,0,0
MUS,40K2,01,5,3,0
MUS,40P1,01,10,7,0
MUS,40P1,02,0,0,0
MUS,40R1,01,1,1,0
MUS,40R1,02,2,1,0
MUS,40R1,03,1,1,0
MUS,40R1,04,2,1,0
MUS,40R1,05,1,0,0
MUS,40R1,06,1,0,0
MUS,40R1,07,3,1,0
MUS,40R1,08,2,2,0
MUS,40S1,01,10,8,0
MUS,40S1,02,10,8,0
MUS,40S2,01,10,7,0
MUS,40S3,01,10,8,0
MUS,40S4,01,10,8,0
MUS,40V1,01,10,7,0
MUS,40V1,02,10,9,0
MUS,40V1,03,10,8,0
MUS,40V1,04,10,9,0
MUS,40V1,05,10,9,0
MUS,40V1,06,2,2,0
MUS,40V1,08,10,10,0
MUS,40V1,09,5,5,0
MUS,40W1,01,10,10,0
MUS,40W2,01,10,9,0
MUS,40W3,01,10,6,0
MUS,40W4,01,10,9,0
MUS,40W5,01,10,10,0
MUS,4110,01,10,3,0
MUS,4110,02,8,0,0
MUS,4114,01,5,2,0
MUS,4115,01,5,5,0
MUS,4120,01,10,7,0
MUS,4121,01,5,4,0
MUS,4122,01,19,19,0
MUS,4151,01,10,10,0
MUS,4151,02,10,10,0
MUS,4181,01,19,19,0
MUS,4203,01,5,0,0
MUS,4204,01,5,2,0
MUS,4205,01,5,5,0
MUS,4213,01,10,8,0
MUS,4221,01,19,16,0
MUS,4230,01,26,11,0
MUS,4236,01,19,13,0
MUS,4237,01,19,19,0
MUS,4259,01,10,10,0
MUS,4260,01,15,13,0
MUS,4270,01,10,7,0
MUS,4280,01,2,0,0
MUS,4307,01,5,5,0
MUS,4307,02,2,2,0
MUS,4308,01,10,9,0
MUS,4308,02,5,5,0
MUS,4308,03,19,19,0
MUS,4321,01,19,5,0
MUS,4325,01,19,18,0
MUS,4329,01,19,13,0
MUS,4331,01,15,13,0
MUS,4333,01,19,16,0
MUS,4334,01,12,4,0
MUS,4335,01,19,9,0
MUS,4336,01,19,8,0
MUS,4364,01,20,15,0
MUS,4374,01,15,8,0
MUS,4381,02,5,5,0
MUS,4381,03,15,10,0
MUS,4F30,01,19,17,0
MUS,4F31,01,19,8,0
MUS,4V09,01,10,10,0
MUS,4V80,01,1,1,0
MUS,4V80,02,2,2,0
MUS,4V80,03,2,1,0
MUS,4V80,04,1,1,0
MUS,4V80,05,1,1,0
MUS,4V80,06,1,1,0
MUS,4V80,07,1,1,0
MUS,4V80,08,1,0,0
MUS,4V80,09,1,0,0
MUEN,1010,01,150,3,0
MUEN,1100,01,70,43,0
MUEN,1101,01,100,32,0
MUEN,1101,02,75,44,0
MUEN,1103,01,100,43,0
MUEN,1104,01,25,13,0
MUEN,1105,01,40,28,0
MUEN,1106,01,26,11,0
MUEN,1106,02,19,4,0
MUEN,1107,01,150,84,0
MUEN,1108,01,80,32,0
MUEN,1109,01,130,58,0
MUEN,1120,01,19,19,0
MUEN,1121,01,125,69,0
MUEN,1122,01,18,13,0
MUEN,1124,01,125,77,0
MUEN,1125,01,20,14,0
MUEN,1130,01,40,29,0
MUEN,1130,02,40,25,0
MUEN,1130,03,10,10,0
MUEN,1130,04,8,5,0
MUEN,1131,01,60,33,0
MUEN,1132,01,60,38,0
MUEN,1132,02,10,10,0
MUEN,1133,01,40,29,0
MUEN,1134,01,3,3,0
MUEN,1135,01,6,5,0
MUEN,1135,02,0,0,0
MUEN,1136,01,30,20,0
MUEN,1137,01,8,6,0
MUEN,1138,01,35,17,0
MUEN,1193,01,60,33,0
NSC,1106,01,60,1,1
NSC,1106,02,60,7,0
NSC,1106,03,50,38,0
NSC,1106,04,50,43,0
NSC,1306,01,220,93,0
NSC,1306,W1,15,1,0
NSC,1V9R,01,4,4,0
NSC,1V9R,02,4,4,0
NSC,1V9R,03,4,4,0
NSC,1V9R,04,2,2,0
NSC,1V9R,05,4,4,0
NSC,1V9R,07,4,4,0
NSC,1V9R,08,4,4,0
NSC,2306,01,50,7,0
NSC,2V9R,01,4,4,0
NSC,2V9R,02,4,4,0
NSC,2V9R,03,4,1,0
NSC,2V9R,04,4,4,0
NSC,2V9R,05,4,4,0
NSC,2V9R,07,4,4,0
NSC,2V9R,08,4,4,0
NSC,3101,01,1,1,0
NSC,3111,01,8,3,0
NSC,3111,02,9,0,0
NSC,3111,03,13,0,1
NSC,3120,02,4,0,0
NSC,3120,03,5,0,0
NSC,3120,04,4,0,0
NSC,3120,06,3,1,0
NSC,3120,07,5,0,1
NSC,3120,08,5,2,0
NSC,3120,09,5,0,0
NSC,3120,10,4,2,0
NSC,3123,01,19,3,0
NSC,3123,02,19,7,0
NSC,3311,01,15,0,0
NSC,3311,02,11,0,2
NSC,3311,W1,9,0,0
NSC,3320,01,14,0,4
NSC,3320,02,5,0,1
NSC,3320,03,14,0,4
NSC,3323,01,22,0,1
NSC,3323,02,20,7,0
NSC,3370,01,20,1,0
NSC,3375,01,42,0,0
NSC,3381,01,22,0,0
NSC,3390,01,28,0,0
NSC,3V9R,01,4,4,0
NSC,3V9R,02,4,4,0
NSC,3V9R,03,4,1,0
NSC,3V9R,04,5,5,0
NSC,3V9R,05,4,4,0
NSC,3V9R,07,4,4,0
NSC,3V9R,08,4,4,0
NSC,4119,01,23,1,0
NSC,4119,02,23,0,0
NSC,4130,01,24,0,1
NSC,4130,02,28,0,0
NSC,4130,03,5,1,0
NSC,4319,01,40,0,0
NSC,4330,01,28,0,1
NSC,4330,02,28,0,0
NSC,4356,01,26,2,0
NSC,4356,02,26,0,0
NSC,4371,01,2,2,0
NSC,4371,02,2,2,0
NSC,4371,03,2,1,0
NSC,4371,04,2,2,0
NSC,4371,05,2,2,0
NSC,4371,07,2,2,0
NSC,4V96,01,25,0,0
NSC,4V9R,01,4,4,0
NSC,4V9R,02,4,4,0
NSC,4V9R,03,4,0,0
NSC,4V9R,04,4,4,0
NSC,4V9R,05,4,4,0
NSC,4V9R,08,4,4,0
NUR,1101,N1,19,18,0
NUR,3200,01,10,4,0
NUR,3200,02,10,6,0
NUR,3200,03,10,5,0
NUR,3200,04,10,7,0
NUR,3200,05,10,3,0
NUR,3200,06,10,6,0
NUR,3200,07,10,4,0
NUR,3200,08,10,4,0
NUR,3200,09,10,7,0
NUR,3212,01,45,23,0
NUR,3212,02,45,23,0
NUR,3225,01,8,0,N/A
NUR,3225,02,10,0,N/A
NUR,3225,03,10,1,N/A
NUR,3225,04,8,2,N/A
NUR,3225,05,8,0,N/A
NUR,3225,06,10,0,N/A
NUR,3225,07,10,1,N/A
NUR,3225,08,8,2,N/A
NUR,3225,09,8,0,N/A
NUR,3225,10,0,0,N/A
NUR,3225,11,10,2,N/A
NUR,3225,12,10,2,N/A
NUR,3225,13,10,1,N/A
NUR,3225,14,8,0,N/A
NUR,3226,01,10,2,N/A
NUR,3226,02,0,0,N/A
NUR,3226,03,10,1,N/A
NUR,3226,04,8,0,N/A
NUR,3226,05,9,1,N/A
NUR,3226,06,8,0,N/A
NUR,3226,07,10,1,N/A
NUR,3226,08,8,0,N/A
NUR,3226,09,8,1,N/A
NUR,3226,10,10,1,N/A
NUR,3226,11,10,0,N/A
NUR,3226,12,8,1,N/A
NUR,3226,13,10,1,N/A
NUR,3226,14,10,1,N/A
NUR,3314,01,90,46,0
NUR,3314,A,24,10,N/A
NUR,3314,B,24,9,N/A
NUR,3314,C,22,7,N/A
NUR,3316,01,90,46,0
NUR,3317,01,64,5,0
NUR,3317,02,64,16,0
NUR,3324,01,64,14,0
NUR,3324,02,64,7,0
NUR,3328,01,64,15,0
NUR,3328,02,64,5,0
NUR,3330,01,90,46,0
NUR,3330,A,24,9,N/A
NUR,3330,B,24,10,N/A
NUR,3330,C,20,5,N/A
NUR,3420,01,90,46,0
NUR,3421,01,64,5,0
NUR,3421,02,64,16,0
NUR,4225,01,10,2,N/A
NUR,4225,02,7,2,N/A
NUR,4225,03,10,5,N/A
NUR,4225,04,10,0,N/A
NUR,4225,05,10,2,N/A
NUR,4225,06,10,1,N/A
NUR,4225,07,7,0,N/A
NUR,4225,08,10,1,N/A
NUR,4225,31,8,2,N/A
NUR,4225,32,8,3,N/A
NUR,4225,33,8,2,N/A
NUR,4225,34,8,2,N/A
NUR,4225,35,8,2,N/A
NUR,4225,36,9,2,N/A
NUR,4226,01,8,1,N/A
NUR,4226,02,8,1,N/A
NUR,4226,03,8,0,N/A
NUR,4226,04,8,1,N/A
NUR,4226,05,7,2,N/A
NUR,4226,06,7,1,N/A
NUR,4226,07,8,3,N/A
NUR,4226,08,8,1,N/A
NUR,4226,09,7,2,0
NUR,4226,10,7,1,0
NUR,4226,31,8,2,N/A
NUR,4226,32,8,2,N/A
NUR,4226,33,8,1,N/A
NUR,4226,34,8,2,N/A
NUR,4226,35,8,3,N/A
NUR,4226,36,8,2,N/A
NUR,4316,01,25,3,0
NUR,4317,01,25,0,5
NUR,4334,01,38,9,0
NUR,4334,02,36,4,0
NUR,4334,31,49,13,0
NUR,4335,01,58,0,N/A
NUR,4335,02,57,1,N/A
NUR,4335,30,49,13,N/A
NUR,4338,01,58,2,0
NUR,4338,02,57,0,1
NUR,4338,31,49,13,0
NUR,4339,01,38,4,0
NUR,4339,02,38,9,0
NUR,4339,31,49,13,0
NUR,4341,01,38,4,0
NUR,4341,02,38,9,0
NUR,4341,31,49,13,0
NUR,4345,01,13,0,N/A
NUR,4345,02,10,1,N/A
NUR,4345,03,12,0,N/A
NUR,4345,04,10,0,N/A
NUR,4345,05,12,0,N/A
NUR,4345,06,13,0,N/A
NUR,4345,07,10,1,N/A
NUR,4345,08,12,0,N/A
NUR,4345,09,10,0,0
NUR,4345,10,13,0,0
NUR,4351,01,38,9,0
NUR,4351,02,36,4,0
NUR,4353,01,115,4,0
NUR,4356,01,25,0,2
NUR,4378,01,12,0,3
NUR,4398,01,28,0,5
NUR,4V08,01,5,4,0
NUTR,1401,01,32,7,0
NUTR,1401,A,16,0,N/A
NUTR,1401,B,16,7,N/A
NUTR,2101,01,20,1,0
NUTR,2351,01,35,0,4
NUTR,2351,02,35,0,6
NUTR,2351,03,22,0,4
NUTR,2351,04,22,0,5
NUTR,2351,05,29,0,1
NUTR,2351,06,22,0,7
NUTR,2380,01,20,6,0
NUTR,3288,01,19,1,0
NUTR,3314,01,25,5,0
NUTR,3314,02,39,7,0
NUTR,3314,03,29,0,3
NUTR,3314,04,25,0,2
NUTR,3314,05,35,28,0
NUTR,3314,06,25,0,20
NUTR,3314,07,25,0,16
NUTR,3351,01,25,6,0
NUTR,3435,01,12,3,0
NUTR,3435,A,12,3,N/A
NUTR,4151,01,6,6,0
NUTR,4351,01,20,8,14
NUTR,4386,01,24,2,0
NUTR,4388,01,19,1,0
NUTR,4395,01,5,4,0
PPS,1100,01,18,0,0
PPS,1100,02,18,6,0
PPS,1100,03,15,7,0
PPS,1100,04,0,2,0
PPS,1100,05,18,0,1
PPS,1100,06,18,1,3
PPS,1100,07,18,11,0
PPS,1100,08,18,2,0
PPS,1100,09,18,0,0
PPS,1100,10,18,0,0
PPS,1100,11,18,9,0
PPS,1100,12,0,0,0
PPS,1100,13,18,6,0
PPS,1100,14,18,1,0
PPS,1100,15,18,13,0
PPS,1100,18,12,0,0
PPS,1100,19,0,2,0
PPS,1100,20,18,15,0
PPS,1100,21,18,14,0
PPS,1100,W1,15,6,N/A
PPS,1101,01,15,0,0
PPS,1101,02,15,8,0
PPS,1101,03,15,11,0
PPS,1101,04,15,13,0
PPS,1101,05,15,10,0
PPS,1102,01,24,1,0
PPS,2101,01,3,3,0
PPS,2301,01,19,2,0
PPS,3372,01,5,5,0
PPS,4310,01,18,0,0
PPS,4V98,W1,19,17,0
PHI,1301,01,19,5,0
PHI,1301,02,19,0,5
PHI,1301,08,19,15,0
PHI,1301,10,19,14,0
PHI,1301,H1,19,12,0
PHI,1301,W11,13,0,2
PHI,1302,01,19,10,0
PHI,1306,01,24,9,0
PHI,1306,02,29,23,0
PHI,1306,03,24,0,7
PHI,1306,04,24,22,0
PHI,1306,05,24,11,0
PHI,1306,06,24,12,0
PHI,1306,08,19,0,2
PHI,1306,09,19,0,2
PHI,1306,10,19,7,0
PHI,1306,11,19,2,0
PHI,1306,12,19,16,0
PHI,1306,H1,20,9,0
PHI,1306,W12,19,7,0
PHI,1308,01,19,0,1
PHI,1308,03,19,4,0
PHI,1308,07,19,19,0
PHI,1308,08,19,18,0
PHI,1308,09,19,8,0
PHI,1308,10,19,15,0
PHI,1309,01,24,1,0
PHI,1309,06,19,0,2
PHI,1309,07,19,8,0
PHI,1309,H3,24,13,0
PHI,1309,W8,19,9,0
PHI,1310,01,18,2,8
PHI,1310,02,18,0,3
PHI,2303,01,15,0,0
PHI,2303,02,19,0,4
PHI,2303,03,19,0,5
PHI,3301,03,20,0,12
PHI,3301,06,19,9,0
PHI,3301,H1,20,8,0
PHI,3301,H5,19,10,0
PHI,3310,01,19,1,0
PHI,3312,01,19,0,2
PHI,3322,01,10,0,2
PHI,3339,04,10,0,1
PHI,3339,05,10,0,5
PHI,3V9R,01,5,3,0
PHI,4311,01,16,6,0
PHI,4314,01,19,6,0
PHI,4317,01,19,1,0
PHI,4325,01,19,1,2
PHI,4340,01,15,5,0
PHI,4345,01,18,5,0
PHI,4361,02,19,5,0
PHI,4361,H1,13,0,1
PHI,4363,01,19,0,7
PHI,4V99,01,0,0,0
PHI,4V99,02,0,0,0
PHI,4V99,04,0,0,0
PHI,4V99,05,12,9,0
PHY,1405,01,30,18,0
PHY,1405,A,20,8,N/A
PHY,1408,01,60,20,0
PHY,1408,02,52,13,0
PHY,1408,03,48,0,1
PHY,1408,A,24,1,N/A
PHY,1408,B,0,0,N/A
PHY,1408,C,24,14,N/A
PHY,1408,E,24,4,N/A
PHY,1408,F,11,1,N/A
PHY,1408,G,24,3,N/A
PHY,1408,I,24,15,N/A
PHY,1408,K,24,12,N/A
PHY,1408,L,24,14,N/A
PHY,1408,N,24,12,N/A
PHY,1409,01,64,2,0
PHY,1409,02,60,0,0
PHY,1409,03,64,16,0
PHY,1409,04,70,2,6
PHY,1409,05,64,4,7
PHY,1409,06,40,33,0
PHY,1409,A,24,0,N/A
PHY,1409,B,24,1,N/A
PHY,1409,C,24,0,N/A
PHY,1409,D,24,0,N/A
PHY,1409,E,24,0,N/A
PHY,1409,F,24,1,N/A
PHY,1409,G,24,0,N/A
PHY,1409,I,24,10,N/A
PHY,1409,J,24,2,N/A
PHY,1409,K,24,0,N/A
PHY,1409,L,24,0,N/A
PHY,1409,M,24,0,N/A
PHY,1409,O,24,1,N/A
PHY,1409,P,24,0,N/A
PHY,1420,01,48,31,0
PHY,1420,02,30,0,7
PHY,1420,03,45,0,4
PHY,1420,04,48,16,0
PHY,1420,A,24,0,N/A
PHY,1420,B,0,0,N/A
PHY,1420,C,24,20,N/A
PHY,1420,D,24,0,N/A
PHY,1420,E,24,0,N/A
PHY,1420,F,13,0,N/A
PHY,1420,G,24,15,N/A
PHY,1420,I,24,23,N/A
PHY,1420,J,24,6,N/A
PHY,1420,K,24,17,N/A
PHY,1430,01,48,14,0
PHY,1430,02,48,12,0
PHY,1430,03,30,0,0
PHY,1430,B,24,1,N/A
PHY,1430,C,24,7,N/A
PHY,1430,D,24,7,N/A
PHY,1430,E,24,3,N/A
PHY,1430,G,24,24,N/A
PHY,1430,I,24,16,N/A
PHY,1430,K,24,10,N/A
PHY,1455,01,150,95,0
PHY,1455,B,24,6,N/A
PHY,1455,C,24,13,N/A
PHY,1455,E,24,3,N/A
PHY,1455,F,24,19,N/A
PHY,1V9R,01,5,5,0
PHY,1V9R,02,5,5,0
PHY,1V9R,03,5,5,0
PHY,1V9R,04,5,5,0
PHY,1V9R,05,5,5,0
PHY,1V9R,06,5,5,0
PHY,1V9R,07,5,5,0
PHY,1V9R,08,5,3,0
PHY,2190,01,20,15,0
PHY,2350,01,12,9,0
PHY,2360,01,20,14,0
PHY,2V9R,01,5,5,0
PHY,2V9R,02,5,5,0
PHY,2V9R,03,5,5,0
PHY,2V9R,04,5,4,0
PHY,2V9R,05,5,5,0
PHY,2V9R,06,6,6,0
PHY,2V9R,07,19,19,0
PHY,2V9R,08,5,5,0
PHY,3305,01,30,17,0
PHY,3330,01,20,16,0
PHY,3350,01,20,12,0
PHY,3373,01,20,9,0
PHY,3V95,01,5,5,0
PHY,3V95,02,5,5,0
PHY,3V95,03,5,5,0
PHY,3V95,04,5,5,0
PHY,3V95,05,5,5,0
PHY,3V95,06,5,5,0
PHY,3V95,07,5,5,0
PHY,3V95,08,5,5,0
PHY,3V9R,01,5,5,0
PHY,3V9R,02,5,5,0
PHY,3V9R,03,5,5,0
PHY,3V9R,04,5,5,0
PHY,3V9R,05,5,5,0
PHY,3V9R,06,5,5,0
PHY,3V9R,07,5,5,0
PHY,3V9R,08,5,5,0
PHY,3V9R,09,5,5,0
PHY,4190,01,0,0,0
PHY,4360,01,20,11,0
PHY,4V9R,01,5,5,0
PHY,4V9R,02,5,5,0
PHY,4V9R,03,5,5,0
PHY,4V9R,04,5,5,0
PHY,4V9R,05,5,5,0
PHY,4V9R,06,5,5,0
PHY,4V9R,07,5,5,0
PHY,4V9R,08,19,19,0
PHY,4V9R,09,19,17,0
PSC,1305,01,30,0,4
PSC,1387,01,210,0,11
PSC,1387,02,210,33,0
PSC,1387,03,18,0,0
PSC,1387,04,77,0,4
PSC,1387,05,18,0,0
PSC,1387,06,75,15,0
PSC,1387,07,75,64,0
PSC,1387,08,80,0,6
PSC,1387,10,210,0,3
PSC,1387,11,210,0,30
PSC,1387,12,75,0,12
PSC,1387,13,75,14,0
PSC,1387,14,75,0,1
PSC,1387,15,75,56,0
PSC,1387,16,20,9,0
PSC,1387,17,30,0,13
PSC,1387,H1,24,8,0
PSC,1387,W1,20,0,12
PSC,1387,W2,20,0,23
PSC,1387,W3,20,0,4
PSC,2303,01,24,0,12
PSC,2303,02,24,0,12
PSC,2306,01,20,0,4
PSC,2343,01,18,0,6
PSC,2343,02,18,1,8
PSC,2343,03,18,1,11
PSC,3300,02,5,0,6
PSC,3304,01,18,0,0
PSC,3304,02,18,0,0
PSC,3304,03,18,0,1
PSC,3304,04,18,1,1
PSC,3304,05,18,0,3
PSC,3309,80,19,2,0
PSC,3315,01,24,0,2
PSC,3315,03,24,0,1
PSC,3315,04,24,1,6
PSC,3315,05,19,9,0
PSC,3321,01,29,0,3
PSC,3321,02,24,0,12
PSC,3325,01,15,0,0
PSC,3339,04,15,0,6
PSC,3339,05,15,0,7
PSC,3339,80,0,0,0
PSC,3353,01,18,0,2
PSC,3355,01,24,0,14
PSC,3363,01,18,0,0
PSC,3365,01,12,0,0
PSC,3372,01,15,10,0
PSC,3374,01,18,0,4
PSC,3375,01,15,8,0
PSC,3382,01,15,3,0
PSC,3392,80,5,5,0
PSC,3698,80,10,4,0
PSC,3992,80,20,1,0
PSC,3V9R,01,12,2,0
PSC,4305,01,18,0,1
PSC,4307,02,5,0,1
PSC,4309,01,5,0,0
PSC,4313,01,18,12,0
PSC,4314,01,15,0,1
PSC,4314,H1,5,2,0
PSC,4315,01,18,0,2
PSC,4323,01,24,11,0
PSC,4323,02,24,0,0
PSC,4330,01,19,6,0
PSC,4330,02,19,0,2
PSC,4334,01,22,0,0
PSC,4342,01,18,0,5
PSC,4344,01,18,8,0
PSC,4354,01,15,0,0
PSC,4361,01,15,0,0
PSC,4373,01,15,0,0
PSC,4380,01,19,11,0
PSC,4381,01,18,0,6
PSC,4390,01,5,0,N/A
PSC,4390,02,1,1,0
PSC,4390,03,0,0,0
PSC,4390,04,0,0,0
PSC,4390,05,1,1,0
PSC,4390,80,10,4,0
PSC,4390,81,20,3,0
PSC,4V89,01,5,4,0
PSC,4V94,02,0,0,0
PSC,4V94,80,10,4,0
POR,1302,01,15,5,0
POR,1302,A,14,4,N/A
POR,3301,01,19,0,3
POR,3V90,01,0,0,0
POR,3V90,02,2,2,0
PHP,1105,01,300,235,0
PHP,1105,02,0,0,0
PHP,1106,01,100,90,0
PHP,1V9R,01,15,15,0
PHP,1V9R,02,40,40,0
PHP,1V9R,03,40,40,0
PHP,1V9R,04,30,30,0
PHP,1V9R,05,30,30,0
PHP,1V9R,06,30,30,0
PHP,1V9R,07,30,30,0
PHP,2101,01,50,50,0
PHP,2102,01,20,18,0
PHP,2102,02,15,15,0
PHP,2102,03,75,74,0
PHP,2103,01,15,15,0
PHP,2105,01,100,95,0
PHP,2105,02,50,21,0
PHP,2V9R,01,20,20,0
PHP,2V9R,02,20,20,0
PHP,2V9R,03,18,18,0
PHP,2V9R,04,20,20,0
PHP,2V9R,05,10,10,0
PHP,3V9R,01,2,2,0
PHP,3V9R,02,0,0,0
PHP,3V9R,03,0,0,0
PHP,3V9R,04,20,20,0
PHP,3V9R,05,10,10,0
PHP,3V9R,06,5,5,0
PHP,3V9R,H1,7,7,0
PHP,4V9R,01,18,13,0
PHP,4V9R,H1,10,10,0
PWR,2314,01,12,3,0
PWR,2314,02,12,3,0
PWR,3300,01,17,0,1
PWR,3300,02,17,0,0
PWR,3300,03,17,0,0
PWR,3300,04,17,1,0
PWR,3300,05,17,0,4
PWR,3300,06,17,0,0
PWR,3300,07,17,0,2
PWR,3300,08,17,0,6
PWR,3300,09,17,9,0
PWR,3300,10,17,0,2
PWR,3300,11,17,14,0
PWR,3303,01,12,0,6
PWR,3309,01,12,0,0
PWR,3318,01,12,2,0
PWR,3318,02,12,0,2
PWR,3321,01,12,3,0
PWR,3326,01,15,0,1
PWR,4348,01,12,0,1
PWR,4375,01,15,0,0
PWR,4V9R,01,2,1,0
PRD,2101,01,25,19,0
PRD,2101,02,25,16,0
PRD,2101,03,25,19,0
PRD,2101,04,24,23,0
PRD,2101,05,25,23,0
PRD,2101,06,25,22,0
PRD,2101,07,25,22,0
PRD,2101,08,25,22,0
PRD,2101,09,25,17,0
PRD,2101,10,25,13,0
PRD,2101,11,25,19,0
PRD,2101,12,25,22,0
PRD,2101,13,25,20,0
PRD,2101,14,25,20,0
PRD,2101,15,25,24,0
PSY,1305,01,105,0,4
PSY,1305,02,105,0,5
PSY,1305,03,205,86,0
PSY,1305,04,105,12,0
PSY,1305,05,35,0,0
PSY,1305,W1,20,0,1
PSY,1V9R,01,5,5,0
PSY,1V9R,02,5,5,0
PSY,1V9R,03,5,5,0
PSY,1V9R,04,1,1,0
PSY,1V9R,05,5,5,0
PSY,1V9R,06,5,5,0
PSY,1V9R,07,5,5,0
PSY,1V9R,08,5,5,0
PSY,1V9R,09,5,5,0
PSY,1V9R,10,5,5,0
PSY,1V9R,11,5,5,0
PSY,1V9R,12,5,5,0
PSY,1V9R,13,5,5,0
PSY,1V9R,14,5,5,0
PSY,1V9R,15,5,5,0
PSY,1V9R,16,5,5,0
PSY,1V9R,17,5,5,0
PSY,2402,01,96,8,0
PSY,2402,A,24,0,N/A
PSY,2402,B,24,0,N/A
PSY,2402,C,24,8,N/A
PSY,2402,D,24,0,N/A
PSY,2405,01,88,8,0
PSY,2405,A,22,0,N/A
PSY,2405,B,22,0,N/A
PSY,2405,C,22,6,N/A
PSY,2405,D,22,2,N/A
PSY,2V9R,01,5,5,0
PSY,2V9R,02,5,5,0
PSY,2V9R,03,5,5,0
PSY,2V9R,04,0,0,0
PSY,2V9R,05,5,5,0
PSY,2V9R,06,5,5,0
PSY,2V9R,07,5,5,0
PSY,2V9R,08,5,5,0
PSY,2V9R,09,5,5,0
PSY,2V9R,10,5,5,0
PSY,2V9R,11,5,5,0
PSY,2V9R,12,5,5,0
PSY,2V9R,13,5,5,0
PSY,2V9R,14,5,5,0
PSY,2V9R,15,5,5,0
PSY,2V9R,16,5,5,0
PSY,2V9R,17,5,5,0
PSY,3101,01,1,0,0
PSY,3101,02,1,0,0
PSY,3101,03,1,0,0
PSY,3111,01,11,0,0
PSY,3111,02,11,1,0
PSY,3111,03,10,0,0
PSY,3120,02,6,0,0
PSY,3120,03,5,0,0
PSY,3120,04,5,0,0
PSY,3120,06,7,0,0
PSY,3120,07,5,0,0
PSY,3120,08,4,1,0
PSY,3120,09,4,1,0
PSY,3120,10,5,0,0
PSY,3123,01,9,3,0
PSY,3123,02,9,7,0
PSY,3308,01,28,0,12
PSY,3308,W1,15,7,0
PSY,3310,01,28,1,0
PSY,3310,02,28,1,4
PSY,3311,01,13,0,0
PSY,3311,02,17,0,2
PSY,3311,W1,7,0,0
PSY,3320,01,14,0,3
PSY,3320,02,23,1,0
PSY,3320,03,14,0,1
PSY,3321,01,135,32,0
PSY,3321,W1,15,0,0
PSY,3323,01,6,0,0
PSY,3323,02,8,5,0
PSY,3330,01,80,6,0
PSY,3335,01,28,0,24
PSY,3341,01,135,0,13
PSY,3341,02,40,0,16
PSY,3341,W1,15,6,0
PSY,3350,01,24,5,0
PSY,3350,02,24,0,0
PSY,3355,01,28,0,7
PSY,3370,01,8,0,0
PSY,3375,01,40,0,0
PSY,3380,01,28,0,11
PSY,3V90,01,19,0,0
PSY,3V9R,01,5,5,0
PSY,3V9R,02,5,5,0
PSY,3V9R,03,5,5,0
PSY,3V9R,04,4,4,0
PSY,3V9R,05,5,5,0
PSY,3V9R,06,5,5,0
PSY,3V9R,07,5,5,0
PSY,3V9R,08,5,5,0
PSY,3V9R,09,5,5,0
PSY,3V9R,10,5,5,0
PSY,3V9R,11,5,5,0
PSY,3V9R,12,5,5,0
PSY,3V9R,13,5,5,0
PSY,3V9R,14,5,4,0
PSY,3V9R,15,5,5,0
PSY,3V9R,16,5,5,0
PSY,3V9R,17,5,5,0
PSY,4319,01,5,1,0
PSY,4325,W1,15,0,7
PSY,4371,04,2,2,0
PSY,4371,05,0,0,0
PSY,4371,06,0,0,0
PSY,4371,07,2,2,0
PSY,4380,01,28,1,4
PSY,4395,01,18,10,0
PSY,4400,01,66,0,0
PSY,4400,A,66,0,N/A
PSY,4V96,01,3,0,0
PSY,4V9R,01,5,5,0
PSY,4V9R,02,5,5,0
PSY,4V9R,03,5,5,0
PSY,4V9R,04,4,4,0
PSY,4V9R,05,5,5,0
PSY,4V9R,06,5,5,0
PSY,4V9R,07,5,5,0
PSY,4V9R,08,5,5,0
PSY,4V9R,09,5,5,0
PSY,4V9R,10,5,5,0
PSY,4V9R,11,5,5,0
PSY,4V9R,12,5,5,0
PSY,4V9R,13,5,5,0
PSY,4V9R,14,5,5,0
PSY,4V9R,15,5,5,0
PSY,4V9R,16,5,5,0
PSY,4V9R,17,5,5,0
PSY,4V9R,18,5,2,0
PUBH,1145,01,30,0,0
PUBH,1145,02,30,14,0
PUBH,1145,03,30,0,0
PUBH,1145,04,30,1,2
PUBH,1145,05,30,0,9
PUBH,1145,06,30,0,8
PUBH,1145,07,30,0,10
PUBH,1145,08,30,0,8
PUBH,1145,09,30,0,4
PUBH,1145,10,30,0,4
PUBH,1145,11,30,0,0
PUBH,1145,12,30,0,2
PUBH,1145,13,30,0,0
PUBH,1145,14,30,0,0
PUBH,1145,15,30,19,0
PUBH,1145,16,30,27,0
PUBH,1145,17,30,0,0
PUBH,1145,18,30,0,0
PUBH,1145,19,30,0,4
PUBH,1145,21,30,0,3
PUBH,1145,22,30,0,1
PUBH,1145,23,30,0,0
PUBH,1145,26,30,0,1
PUBH,1145,27,30,0,0
PUBH,1145,28,30,29,0
PUBH,1145,29,30,0,0
PUBH,1145,30,30,0,2
PUBH,1145,31,30,0,3
PUBH,2313,01,25,0,13
PUBH,2313,02,25,1,11
PUBH,2330,01,40,7,0
PUBH,3317,01,47,1,20
PUBH,3320,01,40,0,10
PUBH,3320,02,40,0,18
PUBH,3320,04,40,0,17
PUBH,3320,05,40,0,12
PUBH,3320,06,40,0,16
PUBH,3325,02,35,1,40
PUBH,3331,01,40,13,0
PUBH,3350,01,30,6,0
PUBH,3351,02,40,7,0
PUBH,4321,01,45,2,0
PUBH,4321,02,48,0,13
PUBH,4321,04,48,0,16
PUBH,4321,05,40,19,0
PUBH,4327,01,35,0,21
PUBH,4327,02,35,2,29
PUBH,4327,03,35,1,28
PUBH,4327,04,35,2,18
PUBH,4333,01,35,1,0
PUBH,4340,01,20,6,26
PUBH,4355,03,40,4,0
PUBH,4580,01,4,0,0
PUBH,4580,02,0,2,0
QBA,2302,01,35,4,0
QBA,2302,02,35,0,0
QBA,2302,03,35,0,0
QBA,2302,04,50,2,0
QBA,2302,05,50,0,0
QBA,2302,06,35,0,11
QBA,2302,07,35,4,0
QBA,2302,08,35,2,0
QBA,2302,09,35,28,0
QBA,2302,13,35,4,0
QBA,2302,W1,20,0,0
QBA,3305,01,45,5,0
QBA,3305,02,40,1,0
QBA,3305,03,28,3,2
QBA,3305,04,45,0,4
QBA,3305,06,45,0,25
QBA,3305,07,45,0,6
QBA,3305,08,40,0,0
QBA,3305,11,45,0,10
QBA,3305,12,45,3,0
QBA,3305,14,45,14,0
QBA,3305,15,45,4,0
QBA,3305,16,45,2,0
QBA,3305,W1,35,3,0
QBA,4V98,01,0,0,0
RLS,1396,01,18,7,16
RLS,2202,01,18,15,0
RLS,3301,01,20,2,11
RLS,3382,01,9,6,0
RLS,3396,80,10,10,0
RLS,4331,01,17,0,19
RLS,4392,01,14,1,0
RLS,4393,01,12,9,0
RLS,4395,01,25,10,22
RLS,4396,01,18,7,15
RLS,4V94,01,2,2,0
RLS,4V94,80,1,1,0
REL,1310,01,60,0,5
REL,1310,02,60,2,0
REL,1310,03,60,0,16
REL,1310,04,60,0,2
REL,1310,05,60,0,2
REL,1310,06,60,17,0
REL,1310,07,60,0,0
REL,1310,08,60,13,0
REL,1310,09,60,15,0
REL,1310,10,60,0,5
REL,1310,13,20,1,5
REL,1310,W1,22,0,0
REL,1310,W2,23,0,0
REL,1310,W3,22,0,0
REL,1350,01,45,1,0
REL,1350,02,55,5,7
REL,1350,03,60,27,0
REL,1350,04,29,26,0
REL,1350,05,60,0,8
REL,1350,06,60,0,1
REL,1350,07,29,8,0
REL,1350,08,60,0,2
REL,1350,09,25,2,0
REL,1350,10,60,0,20
REL,1350,11,29,0,1
REL,1350,12,29,1,1
REL,1350,13,29,0,2
REL,1350,14,29,1,0
REL,1350,15,60,0,9
REL,1350,16,29,0,0
REL,1350,17,60,39,0
REL,1350,18,60,0,0
REL,1350,19,20,15,0
REL,1350,20,60,44,0
REL,1350,21,60,30,0
REL,1350,22,0,0,N/A
REL,1350,23,60,0,7
REL,1350,24,29,4,0
REL,1350,25,60,0,1
REL,1350,26,60,0,19
REL,1350,27,60,0,11
REL,1350,28,60,0,20
REL,1350,29,29,9,0
REL,1350,30,60,0,2
REL,1350,31,240,0,18
REL,1350,32,0,3,N/A
REL,1350,33,60,0,13
REL,1350,34,60,17,0
REL,1350,35,60,0,2
REL,1350,36,60,0,8
REL,1350,37,29,0,1
REL,1350,38,60,0,8
REL,1350,39,60,23,0
REL,1350,40,60,53,0
REL,1350,41,29,0,0
REL,1350,H1,25,16,0
REL,1350,H2,25,0,0
REL,1350,W1,30,0,2
REL,1350,W2,30,0,1
REL,2480,01,15,0,3
REL,2480,02,15,2,0
REL,2480,03,15,2,0
REL,2480,04,15,0,2
REL,3307,01,25,0,0
REL,3311,01,25,0,14
REL,3319,01,20,0,8
REL,3319,02,20,1,0
REL,3330,01,25,0,2
REL,3339,01,5,0,0
REL,3339,02,5,0,0
REL,3345,01,19,0,7
REL,3351,01,20,1,7
REL,3351,02,20,0,0
REL,3370,01,4,0,0
REL,3381,01,25,0,2
REL,3390,01,25,0,2
REL,3V9R,01,1,1,0
REL,4300,01,20,13,0
REL,4302,01,17,1,0
REL,4341,01,20,0,1
REL,4342,01,20,10,0
REL,4374,01,25,0,3
REL,4389,01,20,1,0
REL,4393,01,10,0,0
REL,4395,01,20,1,1
REL,4395,02,20,1,0
REL,4399,01,36,2,0
RUS,1302,01,12,1,0
RUS,1302,02,12,3,0
RUS,1302,A,12,4,N/A
RUS,1302,B,12,0,N/A
RUS,3302,01,12,6,0
RUS,3310,01,12,2,0
RUS,3V70,01,0,0,0
RUS,3V70,02,0,0,0
RUS,3V70,03,12,5,0
RUS,3V9R,01,0,0,0
RUS,4302,01,12,7,0
RUS,4V90,01,0,0,0
RUS,4V90,02,0,0,0
RUS,4V90,03,0,0,0
RUS,4V9R,01,0,0,0
SRF,1307,01,14,9,0
SRF,3V90,01,20,20,0
SRF,4101,01,1,1,0
SRF,4102,01,15,9,0
SRF,4V90,01,20,16,0
SEES,2V70,01,5,4,0
SEES,3V70,01,0,0,0
SEES,3V70,02,5,5,0
SEES,3V70,03,0,0,0
SEES,4V90,01,0,0,0
SWO,2320,01,25,3,0
SWO,2320,02,25,8,0
SWO,2321,01,25,4,0
SWO,2321,02,25,8,0
SWO,2V80,01,19,8,0
SWO,3305,01,20,12,0
SWO,3352,01,24,9,0
SWO,4301,01,25,2,0
SWO,4315,01,24,19,0
SWO,4316,02,18,1,2
SWO,4322,01,19,0,0
SWO,4322,02,19,6,0
SWO,4372,01,16,1,0
SWO,4373,01,16,1,0
SWO,4395,01,20,12,0
SWO,4492,80,15,3,0
SWO,4492,81,15,4,0
SWO,4V80,01,19,17,0
SOC,1305,01,98,0,17
SOC,1305,02,98,0,12
SOC,1305,03,98,0,13
SOC,1305,04,98,0,2
SOC,1305,05,98,0,15
SOC,1305,06,98,0,10
SOC,1305,08,70,0,3
SOC,1305,09,20,0,8
SOC,1305,11,70,0,8
SOC,1305,12,70,0,9
SOC,3311,01,30,0,4
SOC,3311,02,30,3,0
SOC,3354,01,75,0,15
SOC,3372,01,30,0,0
SOC,3402,01,30,26,0
SOC,3402,A,15,14,N/A
SOC,3402,B,15,12,N/A
SOC,4303,01,6,0,0
SOC,4312,01,5,0,0
SOC,4325,01,30,19,0
SOC,4352,01,70,20,0
SOC,4353,01,30,0,10
SOC,4360,01,30,0,5
SOC,4381,01,30,23,0
SOC,4391,01,30,20,0
SOC,4395,01,5,0,3
SOC,43C9,01,18,0,0
SOC,43C9,02,15,2,0
SOC,4V70,01,1,0,0
SOC,4V70,02,1,0,0
SOC,4V70,03,1,0,0
SOC,4V70,04,1,1,0
SOC,4V9R,01,1,0,0
SPA,1301,01,19,1,0
SPA,1301,02,17,0,6
SPA,1301,03,19,0,0
SPA,1301,04,19,12,0
SPA,1301,05,19,17,0
SPA,1301,06,19,0,6
SPA,1301,07,19,0,2
SPA,1301,08,19,3,0
SPA,1301,09,19,9,0
SPA,1301,10,19,3,0
SPA,1301,11,19,16,0
SPA,1301,13,19,10,0
SPA,1301,14,19,0,3
SPA,1301,15,19,18,0
SPA,1301,16,19,19,0
SPA,1301,A,21,16,N/A
SPA,1301,B,21,11,N/A
SPA,1301,C,21,0,N/A
SPA,1301,D,21,0,N/A
SPA,1301,E,21,0,N/A
SPA,1301,F,21,14,N/A
SPA,1301,G,21,20,N/A
SPA,1301,H,21,7,N/A
SPA,1301,I,21,0,N/A
SPA,1301,J,21,0,N/A
SPA,1301,K,21,0,N/A
SPA,1301,L,19,7,N/A
SPA,1302,01,19,14,0
SPA,1302,02,19,2,0
SPA,1302,03,19,12,0
SPA,1302,04,19,0,1
SPA,1302,05,19,0,0
SPA,1302,06,19,0,1
SPA,1302,07,19,0,0
SPA,1302,08,19,0,0
SPA,1302,09,17,0,3
SPA,1302,10,18,0,2
SPA,1302,11,19,0,2
SPA,1302,13,19,0,0
SPA,1302,15,19,0,1
SPA,1302,16,19,18,0
SPA,1302,17,18,11,0
SPA,1302,18,19,5,0
SPA,1302,21,19,9,0
SPA,1302,23,19,19,0
SPA,1302,24,19,0,0
SPA,1302,25,19,17,0
SPA,1302,26,19,19,0
SPA,1302,A,21,14,N/A
SPA,1302,C,21,17,N/A
SPA,1302,E,21,5,N/A
SPA,1302,G,21,10,N/A
SPA,1302,H,21,6,N/A
SPA,1302,I,21,9,N/A
SPA,1302,J,21,2,N/A
SPA,1302,K,21,10,N/A
SPA,1302,L,20,2,N/A
SPA,1302,M,21,13,N/A
SPA,1302,O,21,2,N/A
SPA,1302,P,21,4,N/A
SPA,1302,Q,21,0,N/A
SPA,1302,R,21,4,N/A
SPA,1302,S,21,0,N/A
SPA,1302,T,21,0,N/A
SPA,1302,U,21,14,N/A
SPA,1302,V,21,11,N/A
SPA,1302,W,21,13,N/A
SPA,1302,X,21,14,N/A
SPA,1302,Y,19,19,N/A
SPA,1304,01,18,2,0
SPA,1412,01,19,11,0
SPA,1412,02,19,8,0
SPA,1412,03,19,14,0
SPA,1412,04,19,10,0
SPA,2304,01,17,0,0
SPA,2304,02,17,0,5
SPA,2310,01,19,0,2
SPA,2310,02,19,0,4
SPA,2310,03,19,0,0
SPA,2310,04,19,0,0
SPA,2310,05,19,0,1
SPA,2310,06,18,0,1
SPA,2310,07,19,2,0
SPA,2310,08,19,0,1
SPA,2310,09,19,0,0
SPA,2310,10,19,0,1
SPA,2310,11,19,11,0
SPA,2310,12,19,15,0
SPA,2310,13,19,1,0
SPA,2310,14,19,8,0
SPA,2310,15,19,19,0
SPA,2310,16,19,19,0
SPA,2310,A,21,10,N/A
SPA,2310,B,21,14,N/A
SPA,2310,C,21,0,N/A
SPA,2310,D,21,2,N/A
SPA,2310,E,21,11,N/A
SPA,2310,F,21,0,N/A
SPA,2310,G,21,5,N/A
SPA,2310,H,21,6,N/A
SPA,2310,I,21,0,N/A
SPA,2310,J,21,0,N/A
SPA,2310,K,21,0,N/A
SPA,2310,L,21,0,N/A
SPA,2310,M,18,0,N/A
SPA,2310,O,19,13,N/A
SPA,2320,01,19,2,0
SPA,2320,02,19,2,0
SPA,2320,03,19,8,0
SPA,2321,01,13,0,2
SPA,2321,02,17,4,0
SPA,2321,04,13,0,0
SPA,2412,01,18,7,0
SPA,3001,01,9,5,0
SPA,3302,01,18,2,0
SPA,3302,02,18,5,0
SPA,3302,03,18,0,3
SPA,3302,04,18,14,0
SPA,3304,01,18,13,0
SPA,3304,02,18,11,0
SPA,3305,02,18,8,0
SPA,3305,03,18,8,0
SPA,3305,04,18,0,1
SPA,3305,05,18,3,0
SPA,3309,01,18,8,0
SPA,3309,02,18,10,0
SPA,3309,03,18,0,0
SPA,3309,04,0,0,0
SPA,3310,01,18,1,0
SPA,3311,01,18,5,0
SPA,3352,01,15,0,3
SPA,3356,01,18,8,0
SPA,3V9R,01,0,0,0
SPA,4306,01,9,0,0
SPA,4321,01,16,4,0
SPA,4321,02,16,1,0
SPA,4321,03,16,0,0
SPA,4330,01,16,10,0
SPA,4363,01,14,5,0
SPA,4388,01,11,0,1
SPA,4388,03,9,0,5
SPA,4V90,03,6,4,0
SPA,4V90,04,6,5,0
SPA,4V9R,01,1,1,0
STA,1380,01,29,5,0
STA,1380,02,29,16,0
STA,1380,03,29,0,8
STA,1380,05,229,76,0
STA,1380,06,29,5,0
STA,1380,07,29,13,0
STA,1380,08,29,0,3
STA,1380,10,19,0,0
STA,1380,W1,19,0,1
STA,2381,01,209,0,2
STA,2381,03,38,0,6
STA,2381,07,19,0,3
STA,2381,W1,19,0,10
STA,3381,01,49,1,12
STA,3381,02,49,2,15
STA,4360,01,29,6,0
STA,4372,01,9,0,0
STA,4373,01,29,2,13
STA,4384,01,10,5,0
STA,4386,01,29,16,0
STA,43C8,01,5,3,0
STA,43C9,01,19,11,0
STA,4V90,01,19,0,1
STL,1101,04,162,158,0
STL,1101,06,0,2,N/A
STL,1101,07,0,1,N/A
STL,1101,08,20,9,0
STL,1102,01,0,0,0
STL,1102,06,24,0,5
STL,1102,07,24,0,0
STL,1102,12,20,18,0
STL,1102,N1,19,19,0
STL,1103,01,12,10,0
STL,1103,02,12,11,0
STL,1103,03,12,11,0
STL,1103,04,12,11,0
STL,1103,05,12,12,0
STL,1103,N1,0,0,0
STL,1104,N1,19,10,0
STL,1104,N2,19,18,0
STL,1104,N3,19,17,0
STL,1104,N4,0,0,0
STL,1105,03,19,19,0
STL,1105,04,19,19,0
STL,1200,04,27,27,0
STL,1200,05,20,20,0
STL,1201,N1,30,22,0
STL,1205,03,19,19,0
SWA,1302,01,19,15,0
SWA,1302,02,19,0,0
SWA,1302,A,19,12,N/A
SWA,1302,B,19,3,N/A
SWA,2320,01,15,15,0
TED,1312,01,15,1,0
TED,1312,02,15,15,0
TED,3180,01,15,12,0
TED,3180,02,15,6,0
TED,3301,02,20,15,0
TED,3325,01,15,15,0
TED,3325,02,23,5,0
TED,3346,01,15,9,0
TED,3380,01,14,5,0
TED,3380,03,15,12,0
TED,3620,01,15,7,N/A
TED,3620,02,15,5,N/A
TED,3621,01,15,3,N/A
TED,3621,02,15,3,N/A
TED,3630,01,9,1,0
TED,3641,03,15,5,0
TED,3651,01,3,3,0
TED,3670,01,2,1,0
TED,4302,01,18,5,0
TED,4302,02,18,1,0
TED,4303,01,15,5,0
TED,4303,02,15,11,0
TED,4307,02,13,1,N/A
TED,4307,03,13,1,N/A
TED,4308,01,13,13,N/A
TED,4308,03,18,0,N/A
TED,4312,01,20,0,0
TED,4312,02,25,0,0
TED,4326,01,13,1,N/A
TED,4326,02,13,1,N/A
TED,4336,01,10,4,0
TED,4348,01,10,8,0
TED,4349,01,15,5,0
TED,4355,01,16,14,0
TED,4362,01,2,2,0
TED,4622,01,10,9,N/A
TED,4622,02,10,6,N/A
TED,4622,03,10,6,N/A
TED,4622,04,10,9,N/A
TED,4622,05,10,8,N/A
TED,4622,06,10,5,N/A
TED,4622,07,10,7,N/A
TED,4622,08,10,2,N/A
TED,4622,09,10,6,N/A
TED,4623,01,10,9,N/A
TED,4623,02,10,6,N/A
TED,4623,03,10,6,N/A
TED,4623,04,10,9,N/A
TED,4623,05,10,8,N/A
TED,4623,06,10,5,N/A
TED,4623,07,10,7,N/A
TED,4623,08,10,2,N/A
TED,4623,09,10,6,N/A
TED,4632,04,10,6,N/A
TED,4632,06,10,10,N/A
TED,4632,08,0,0,N/A
TED,4633,01,10,6,N/A
TED,4633,02,10,10,N/A
TED,4633,05,0,0,N/A
TED,4642,01,10,8,N/A
TED,4642,02,10,9,N/A
TED,4642,03,10,9,N/A
TED,4642,04,10,7,N/A
TED,4642,05,10,10,N/A
TED,4642,06,0,0,N/A
TED,4643,01,10,8,N/A
TED,4643,02,10,9,N/A
TED,4643,03,10,9,N/A
TED,4643,04,10,7,N/A
TED,4643,05,10,10,N/A
TED,4643,06,0,0,N/A
TED,4652,01,10,6,0
TED,4653,01,10,6,0
TED,4672,01,4,4,0
TED,4673,01,4,4,0
TED,4V98,01,9,6,0
THEA,1102,01,12,3,0
THEA,1102,02,12,0,0
THEA,1104,01,11,0,0
THEA,1104,02,11,3,0
THEA,1301,01,16,0,0
THEA,1301,02,17,0,1
THEA,1301,04,16,0,2
THEA,1302,01,12,1,0
THEA,1302,02,12,0,0
THEA,1306,01,29,0,5
THEA,1306,02,34,3,19
THEA,1306,03,29,0,4
THEA,1306,05,20,0,3
THEA,1306,06,35,0,3
THEA,1306,07,0,0,3
THEA,1306,09,17,0,0
THEA,1306,10,25,0,5
THEA,1306,11,29,0,4
THEA,1306,15,30,0,4
THEA,1306,H1,4,1,0
THEA,1306,W1,19,2,0
THEA,1312,01,16,0,1
THEA,1312,A,9,0,N/A
THEA,1312,B,8,1,N/A
THEA,1316,01,15,1,0
THEA,1316,A,8,2,N/A
THEA,1316,B,8,0,N/A
THEA,1324,01,23,2,0
THEA,2104,02,12,0,0
THEA,2104,03,4,0,0
THEA,2105,01,8,8,0
THEA,2298,01,12,0,3
THEA,2299,02,12,3,0
THEA,2302,01,10,0,0
THEA,2302,02,10,2,0
THEA,2371,01,15,1,0
THEA,2371,A,8,2,N/A
THEA,2371,B,8,0,N/A
THEA,2375,01,28,4,0
THEA,2383,01,10,6,0
THEA,2390,01,6,0,0
THEA,3001,01,20,1,0
THEA,3001,02,19,7,0
THEA,3003,02,12,4,0
THEA,3003,03,12,2,0
THEA,3003,04,12,0,3
THEA,3003,05,12,6,0
THEA,3104,01,4,1,0
THEA,3104,02,7,1,0
THEA,3104,03,6,1,0
THEA,3114,01,12,2,0
THEA,3297,01,10,1,0
THEA,3298,01,10,1,0
THEA,3302,01,10,1,0
THEA,3302,02,8,0,1
THEA,3324,01,9,1,1
THEA,3327,01,6,2,0
THEA,3341,01,20,1,1
THEA,3352,01,14,0,0
THEA,3370,01,6,0,0
THEA,3383,01,6,4,0
THEA,3398,01,7,3,0
THEA,4102,01,20,15,0
THEA,4104,01,10,2,0
THEA,4104,03,0,0,0
THEA,4104,04,1,0,0
THEA,4114,01,12,7,0
THEA,4215,01,10,10,0
THEA,4298,01,12,3,0
THEA,4299,01,12,1,0
THEA,4301,01,10,8,0
THEA,4322,01,10,4,0
THEA,4351,01,19,18,0
THEA,4365,01,4,0,0
THEA,4373,01,4,0,0
THEA,4377,01,19,9,0
THEA,4379,01,12,5,0
THEA,4384,01,5,5,0
THEA,4395,01,10,0,1
THEA,4V99,01,10,8,0
THEA,4V99,02,2,1,0
THEA,4V9R,01,19,15,0
THEA,4VC5,01,15,14,0
THEA,4VC5,02,15,14,0
UNSC,3001,U1,65,61,0
WGS,2300,01,19,0,0
