RS Number,p-value,% of Puerto Ricans with at least one copy of the variant,% of Non-PR with at least one copy of the variant
rs1284300,0.47377870638229813,17.307692307692307,20.71622846781505
rs1205,0.4572606382146607,53.333333333333336,57.50452079566004
rs5082,0.7873388504558299,94.23076923076923,93.0411206507004
rs1042031,0.08235397237150592,33.33333333333333,25.259828287392676
rs676210,0.001311884435315136,37.142857142857146,53.6618444846293
rs693,3.951498678013215e-07,69.52380952380952,43.82632293080054
rs679899,0.8871237459100834,66.66666666666666,67.82805429864254
rs780094,0.8036425090821264,85.57692307692307,86.92307692307692
rs6720173,0.21785467808939016,45.19230769230769,38.65814696485623
rs4148189,0.002504400850911184,54.285714285714285,39.01446654611212
rs4148211,0.002989552155845487,46.666666666666664,61.63265306122449
rs6709904,0.6627999175123603,27.61904761904762,25.22603978300181
rs2241883,0.00018750262134250895,60.952380952380956,41.990950226244344
rs12497191,0.8396016310878492,32.38095238095238,30.94698685999094
rs1801282,0.4753210406487829,9.615384615384617,12.481499753330045
rs3856806,0.0010145237427946349,9.615384615384617,24.089253187613842
rs3774923,0.00028234379896648754,3.8095238095238098,18.062471706654595
rs4235308,0.022109894578407212,55.23809523809524,66.56108597285068
rs2946385,0.830212708611112,59.22330097087378,60.78697421981004
rs982424,0.004045007881904866,14.285714285714285,27.519204699502936
rs10034661,0.030375105281125667,99.04761904761905,93.20652173913044
rs11771443,0.317500653004453,45.714285714285715,40.31149793861658
rs743507,0.92184534420236,93.33333333333333,94.0643407340281
rs1800590,0.22612972995644964,12.62135922330097,17.771639042357272
rs10957056,0.20665447128231082,23.809523809523807,30.076888285843513
rs11786580,0.525200237590179,23.809523809523807,27.124773960217
rs363717,1.0,98.07692307692307,97.58321933424533
rs2230806,0.534609156039868,59.04761904761905,62.550881953867034
rs4149272,0.45331368742897005,61.904761904761905,65.95744680851064
rs2575875,0.5631909952088732,62.857142857142854,66.09247506799638
rs5110,0.00018807617629096373,14.285714285714285,5.201266395296246
rs2542052,0.0017557739588381805,87.61904761904762,73.42403628117914
rs715948,0.04646157029126422,94.1747572815534,86.98412698412699
rs701106,0.5736038440310127,98.07692307692307,96.55328798185941
rs5888,0.829751141614916,88.57142857142857,89.72385694884562
rs6078,0.0022440821031273653,9.523809523809524,22.68413917758699
rs2289487,0.09257854808373008,74.03846153846155,65.5359565807327
rs2000813,0.4264116438838994,45.714285714285715,41.30140081337551
rs2276269,0.17333416182032776,82.85714285714286,76.62748643761303
rs405509,0.0159783895512783,85.71428571428571,74.84134179510427
rs7412,0.876083145684331,13.461538461538462,14.518518518518519
rs135549,0.5878661049600289,77.14285714285715,79.81900452488688